Lec,False,5505,ACCT,201,PRIN OF ACCOUNTING 1,3,T R,1100 - 1215 pm,Morgan S,1330 (MAIN),14-JAN-13,3,FULL TERM (14-JAN-13 - 10-MAY-13),Main
E-C,False,5532,ACCT,201,PRIN OF ACCOUNTING 1,3,,*,Smith S,,14-JAN-13,2,FULL TERM (14-JAN-13 - 10-MAY-13),Online or Blended
Lec,False,5578,ACCT,201,PRIN OF ACCOUNTING 1,3,T R,0930 - 1045 am,Dexter H,2215 (MAIN),14-JAN-13,6,FULL TERM (14-JAN-13 - 10-MAY-13),Main
Lec,False,5588,ACCT,201,PRIN OF ACCOUNTING 1,3,T R,1230 - 0145 pm,Dexter H,2215 (MAIN),14-JAN-13,1,FULL TERM (14-JAN-13 - 10-MAY-13),Main
Lec,False,5533,ACCT,202,PRIN OF ACCOUNTING 2,3,M W,0930 - 1045 am,Smith S,2215 (MAIN),14-JAN-13,2,FULL TERM (14-JAN-13 - 10-MAY-13),Main
E-C,False,5534,ACCT,202,PRIN OF ACCOUNTING 2,3,,*,Smith S,,14-JAN-13,3,FULL TERM (14-JAN-13 - 10-MAY-13),Online or Blended
Lec,False,5606,ACCT,202,PRIN OF ACCOUNTING 2,3,R,0400 - 0645 pm,DePergola J,2215 (MAIN),14-JAN-13,4,FULL TERM (14-JAN-13 - 10-MAY-13),Main
E-C,False,5515,ACCT,310,ACCT INFORMATION SYSTEMS,3,,*,Thomas C,,14-JAN-13,1,FULL TERM (14-JAN-13 - 10-MAY-13),Online or Blended
E-C,False,5516,ACCT,310,ACCT INFORMATION SYSTEMS,3,,*,Thomas C,,14-JAN-13,7,FULL TERM (14-JAN-13 - 10-MAY-13),Online or Blended
Lec,False,5462,ACCT,311,INTERMEDIATE ACCOUNTING 1,4,M W,0900 - 1040 am,Lewis C,2539 (MAIN),14-JAN-13,11,FULL TERM (14-JAN-13 - 10-MAY-13),Main
Lec,False,5463,ACCT,312,INTERMEDIATE ACCOUNTING 2,4,M,0600 - 0945 pm,Lewis C,2539 (MAIN),14-JAN-13,12,FULL TERM (14-JAN-13 - 10-MAY-13),Main
Lec,False,5473,ACCT,312,INTERMEDIATE ACCOUNTING 2,4,T R,0900 - 1040 am,Lewis C,2539 (MAIN),14-JAN-13,7,FULL TERM (14-JAN-13 - 10-MAY-13),Main
Lec,False,5815,ACCT,331,MANAGERIAL ACCOUNTING,3,T,0400 - 0645 pm,Lewis C,2539 (MAIN),14-JAN-13,1,FULL TERM (14-JAN-13 - 10-MAY-13),Main
E-C,False,5475,ACCT,353,FED INCOME TAX ACCOUNTING 1,3,,*,Altman J,,14-JAN-13,6,FULL TERM (14-JAN-13 - 10-MAY-13),Online or Blended
E-C,False,5477,ACCT,354,FED INCOME TAX ACCOUNTING 2,3,,*,Altman J,,14-JAN-13,5,FULL TERM (14-JAN-13 - 10-MAY-13),Online or Blended
Lec,False,5478,ACCT,354,FED INCOME TAX ACCOUNTING 2,3,M W,0215 - 0330 pm,Altman J,0414B (MAIN),14-JAN-13,15,FULL TERM (14-JAN-13 - 10-MAY-13),Main
E-C,False,5482,ACCT,360,FRAUD EXAMINATION,3,,*,Altman J,,14-JAN-13,-1,FULL TERM (14-JAN-13 - 10-MAY-13),Online or Blended
Ble,False,5600,ACCT,401,ADVANCED ACCOUNTING,3,T R,0200 - 0315 pm,Smith S,1326 (MAIN),14-JAN-13,10,FULL TERM (14-JAN-13 - 10-MAY-13),Online or Blended
Lec,False,5480,ACCT,405,AUDITING,4,W,0400 - 0645 pm,Altman J,1330 (MAIN),14-JAN-13,14,FULL TERM (14-JAN-13 - 10-MAY-13),Main
Lec,False,5474,ACCT,432,COST ACCOUNTING,3,T R,1230 - 0145 pm,Lewis C,2539 (MAIN),14-JAN-13,11,FULL TERM (14-JAN-13 - 10-MAY-13),Main
Lec,False,5965,PHLB,101,PHLEBOTOMY,7,T R,0600 - 0930 pm,Wroten J,B100B (BIDS),05-FEB-13,23,Corp and Comm Education (07-JAN-13 - 17-MAY-13),Main
Stu,False,5321,ART,111,DRAWING 1,3,W,1230 - 0315 pm,Cox S,2305 (MAIN),14-JAN-13,-1,FULL TERM (14-JAN-13 - 10-MAY-13),Main
Lec,False,5322,ART,112,DRAWING 2,3,W,0400 - 0645 pm,Orcutt Z,2305 (MAIN),14-JAN-13,6,FULL TERM (14-JAN-13 - 10-MAY-13),Main
Stu,False,5323,ART,213,PAINTING 1,3,T,0400 - 0645 pm,Cox S,2305 (MAIN),14-JAN-13,-1,FULL TERM (14-JAN-13 - 10-MAY-13),Main
Stu,False,5324,ART,214,PAINTING 2,3,M,0400 - 0645 pm,Cox S,2305 (MAIN),14-JAN-13,-1,FULL TERM (14-JAN-13 - 10-MAY-13),Main
Stu,False,5326,ART,240,CERAMICS 1,3,M,0400 - 0645 pm,Orcutt Z,0020B (MAIN),14-JAN-13,2,FULL TERM (14-JAN-13 - 10-MAY-13),Main
Stu,False,5327,ART,241,CERAMICS 2,3,M,0700 - 0945 pm,Orcutt Z,0020B (MAIN),14-JAN-13,2,FULL TERM (14-JAN-13 - 10-MAY-13),Main
Stu,False,5329,ART,244,MODELING AND CASTING,3,W,0700 - 0945 pm,Orcutt Z,0020B (MAIN),14-JAN-13,3,FULL TERM (14-JAN-13 - 10-MAY-13),Main
Stu,False,5330,ART,251,ART WELDING,3,W,0700 - 0945 pm,Orcutt Z,0020B (MAIN),14-JAN-13,3,FULL TERM (14-JAN-13 - 10-MAY-13),Main
Stu,False,5325,ART,314,ADVANCED PAINTING,3,M,0400 - 0645 pm,Cox S,2305 (MAIN),14-JAN-13,-1,FULL TERM (14-JAN-13 - 10-MAY-13),Main
Stu,False,5328,ART,340,ADVANCED CERAMICS,3,M,0700 - 0945 pm,Orcutt Z,0020B (MAIN),14-JAN-13,2,FULL TERM (14-JAN-13 - 10-MAY-13),Main
Lec,False,5331,ART,360,CONTEMPORARY ART HISTORY,3,T R,0200 - 0315 pm,Cox S,2537 (MAIN),14-JAN-13,2,FULL TERM (14-JAN-13 - 10-MAY-13),Main
Lec,False,5375,BIOL,101,GENERAL BIOLOGY 1,3,M W,0930 - 1045 am,Hempel U,1314 (MAIN),14-JAN-13,3,FULL TERM (14-JAN-13 - 10-MAY-13),Main
Lec,False,5376,BIOL,101,GENERAL BIOLOGY 1,3,M,0700 - 0945 pm,Hempel U,3303 (MAIN),14-JAN-13,5,FULL TERM (14-JAN-13 - 10-MAY-13),Main
Lec,False,5377,BIOL,101,GENERAL BIOLOGY 1,3,T R,0500 - 0615 pm,Funk K,3303 (MAIN),14-JAN-13,2,FULL TERM (14-JAN-13 - 10-MAY-13),Main
E-C,False,5378,BIOL,101,GENERAL BIOLOGY 1,3,,*,Martin H,,14-JAN-13,-3,FULL TERM (14-JAN-13 - 10-MAY-13),Online or Blended
Lec,False,5385,BIOL,101,GENERAL BIOLOGY 1,3,M W,0500 - 0615 pm,Dew N,3336 (MAIN),14-JAN-13,2,FULL TERM (14-JAN-13 - 10-MAY-13),Main
Lec,False,5386,BIOL,102,GENERAL BIOLOGY 2,3,M W,0930 - 1045 am,Martin H,3324 (MAIN),14-JAN-13,-2,FULL TERM (14-JAN-13 - 10-MAY-13),Main
Lec,False,5387,BIOL,102,GENERAL BIOLOGY 2,3,M W,1230 - 0145 pm,Dew N,3324 (MAIN),14-JAN-13,14,FULL TERM (14-JAN-13 - 10-MAY-13),Main
Lec,False,5389,BIOL,102,GENERAL BIOLOGY 2,3,T R,1230 - 0145 pm,Hempel U,0102A (MAIN),14-JAN-13,20,FULL TERM (14-JAN-13 - 10-MAY-13),Main
Lec,False,5391,BIOL,102,GENERAL BIOLOGY 2,3,W,0700 - 0945 pm,Dew N,3324 (MAIN),14-JAN-13,14,FULL TERM (14-JAN-13 - 10-MAY-13),Main
E-C,False,5393,BIOL,102,GENERAL BIOLOGY 2,3,,*,Hempel U,,14-JAN-13,5,FULL TERM (14-JAN-13 - 10-MAY-13),Online or Blended
Lab,False,5394,BIOL,103,GENERAL BIOLOGY 1 LAB,1,R,0930 - 1125 am,Hempel U,3324 (MAIN),14-JAN-13,8,FULL TERM (14-JAN-13 - 10-MAY-13),Main
Lab,False,5395,BIOL,103,GENERAL BIOLOGY 1 LAB,1,R,1200 - 0155 pm,Martin H,3324 (MAIN),14-JAN-13,4,FULL TERM (14-JAN-13 - 10-MAY-13),Main
Lab,False,5396,BIOL,103,GENERAL BIOLOGY 1 LAB,1,R,0700 - 0855 pm,Funk K,3324 (MAIN),14-JAN-13,4,FULL TERM (14-JAN-13 - 10-MAY-13),Main
Lab,False,5397,BIOL,103,GENERAL BIOLOGY 1 LAB,1,F,0900 - 1055 am,Hempel U,3324 (MAIN),14-JAN-13,12,FULL TERM (14-JAN-13 - 10-MAY-13),Main
E-C,False,5398,BIOL,103,GENERAL BIOLOGY 1 LAB,1,,*,Martin H,,14-JAN-13,6,FULL TERM (14-JAN-13 - 10-MAY-13),Online or Blended
Lab,False,5634,BIOL,103,GENERAL BIOLOGY 1 LAB,1,W,0430 - 0625 pm,Martin H,3324 (MAIN),14-JAN-13,12,FULL TERM (14-JAN-13 - 10-MAY-13),Main
Lab,False,5399,BIOL,104,GENERAL BIOLOGY 2 LAB,1,M,0230 - 0425 pm,Dew N,3324 (MAIN),14-JAN-13,12,FULL TERM (14-JAN-13 - 10-MAY-13),Main
Lab,False,5400,BIOL,104,GENERAL BIOLOGY 2 LAB,1,M,0700 - 0855 pm,Dew N,3324 (MAIN),14-JAN-13,18,FULL TERM (14-JAN-13 - 10-MAY-13),Main
Lab,False,5402,BIOL,104,GENERAL BIOLOGY 2 LAB,1,T,0930 - 1125 am,Martin H,3324 (MAIN),14-JAN-13,0,FULL TERM (14-JAN-13 - 10-MAY-13),Main
Lab,False,5404,BIOL,104,GENERAL BIOLOGY 2 LAB,1,T,1230 - 0225 pm,Dew N,3324 (MAIN),14-JAN-13,16,FULL TERM (14-JAN-13 - 10-MAY-13),Main
Lab,False,5405,BIOL,104,GENERAL BIOLOGY 2 LAB,1,T,0300 - 0455 pm,Dew N,3324 (MAIN),14-JAN-13,20,FULL TERM (14-JAN-13 - 10-MAY-13),Main
E-C,False,5407,BIOL,104,GENERAL BIOLOGY 2 LAB,1,,*,Hempel U,,14-JAN-13,15,FULL TERM (14-JAN-13 - 10-MAY-13),Online or Blended
Lec,False,5411,BIOL,107,ANATOMY AND PHYSIOLOGY 1,4,M W,1230 - 0145 pm,Griffin M,3303 (MAIN),14-JAN-13,-4,FULL TERM (14-JAN-13 - 10-MAY-13),Main
Lec,False,5412,BIOL,107,ANATOMY AND PHYSIOLOGY 1,4,T R,1230 - 0145 pm,Griffin M,3303 (MAIN),14-JAN-13,-5,FULL TERM (14-JAN-13 - 10-MAY-13),Main
Lab,False,5413,BIOL,107L,ANATOMY AND PHYSIOLOGY 1 LAB,0,M,0900 - 1055 am,Griffin M,3335 (MAIN),14-JAN-13,-2,FULL TERM (14-JAN-13 - 10-MAY-13),Main
Lab,False,5414,BIOL,107L,ANATOMY AND PHYSIOLOGY 1 LAB,0,R,0900 - 1055 am,Griffin M,3335 (MAIN),14-JAN-13,-1,FULL TERM (14-JAN-13 - 10-MAY-13),Main
Lab,False,5416,BIOL,107L,ANATOMY AND PHYSIOLOGY 1 LAB,0,T,0400 - 0555 pm,Kronberg J,3335 (MAIN),14-JAN-13,4,FULL TERM (14-JAN-13 - 10-MAY-13),Main
Lec,False,5417,BIOL,108,ANATOMY AND PHYSIOLOGY 2,4,M W,1230 - 0145 pm,Kronberg J,3335 (MAIN),14-JAN-13,2,FULL TERM (14-JAN-13 - 10-MAY-13),Main
Lec,False,5418,BIOL,108,ANATOMY AND PHYSIOLOGY 2,4,M W,0200 - 0315 pm,Kronberg J,3335 (MAIN),14-JAN-13,4,FULL TERM (14-JAN-13 - 10-MAY-13),Main
Lec,False,5419,BIOL,108,ANATOMY AND PHYSIOLOGY 2,4,T R,1230 - 0145 pm,Kronberg J,3335 (MAIN),14-JAN-13,1,FULL TERM (14-JAN-13 - 10-MAY-13),Main
Lab,False,5420,BIOL,108L,ANATOMY AND PHYSIOLOGY 2 LAB,0,W,0900 - 1055 am,Kronberg J,3335 (MAIN),14-JAN-13,0,FULL TERM (14-JAN-13 - 10-MAY-13),Main
Lab,False,5422,BIOL,108L,ANATOMY AND PHYSIOLOGY 2 LAB,0,T,0200 - 0355 pm,Kronberg J,3335 (MAIN),14-JAN-13,2,FULL TERM (14-JAN-13 - 10-MAY-13),Main
Lab,False,5424,BIOL,108L,ANATOMY AND PHYSIOLOGY 2 LAB,0,R,0200 - 0355 pm,Kronberg J,3335 (MAIN),14-JAN-13,-1,FULL TERM (14-JAN-13 - 10-MAY-13),Main
Lec,False,5439,BIOL,110,MICROBIOLOGY FOR SURG TECH,3,M W,1230 - 0120 pm,Martin H,1318 (MAIN),14-JAN-13,11,FULL TERM (14-JAN-13 - 10-MAY-13),Main
Lab,False,5440,BIOL,110L,MICROBIOLOGY FOR SURG TECH LAB,0,W,0200 - 0355 pm,Martin H,3324 (MAIN),14-JAN-13,11,FULL TERM (14-JAN-13 - 10-MAY-13),Main
Lec,False,5441,BIOL,200,MICROBIOLOGY,4,T R,0300 - 0415 pm,Griffin M,3303 (MAIN),14-JAN-13,7,FULL TERM (14-JAN-13 - 10-MAY-13),Main
Lab,False,5442,BIOL,200L,MICROBIOLOGY LAB,0,T,0900 - 1055 am,Griffin M,3335 (MAIN),14-JAN-13,2,FULL TERM (14-JAN-13 - 10-MAY-13),Main
Lab,False,5443,BIOL,200L,MICROBIOLOGY LAB,0,W,0330 - 0525 pm,Griffin M,3335 (MAIN),14-JAN-13,5,FULL TERM (14-JAN-13 - 10-MAY-13),Main
Lec,False,5444,BIOL,461,PRINCIPLES OF EVOLUTION,3,R,0430 - 0745 pm,Crisp E,3336 (MAIN),14-JAN-13,16,FULL TERM (14-JAN-13 - 10-MAY-13),Main
Alt,False,5544,BTEC,115,BEGINNING KEYBOARDING,3,M,0700 - 0815 pm,Cunningham R,0414B (MAIN),14-JAN-13 <br> (18-FEB-13) <br> (18-MAR-13) <br> (29-APR-13),14,FULL TERM (14-JAN-13 - 10-MAY-13),Main
E-C,False,5545,BTEC,115,BEGINNING KEYBOARDING,3,,*,Cunningham R,,14-JAN-13,-1,FULL TERM (14-JAN-13 - 10-MAY-13),Online or Blended
E-C,False,5546,BTEC,116,INTERMEDIATE KEYBOARDING,3,,*,Favinger C,,14-JAN-13,7,FULL TERM (14-JAN-13 - 10-MAY-13),Online or Blended
E-C,False,5517,BTEC,235,MICROSOFT WORD/WINDOWS,3,,*,Thomas C,,14-JAN-13,6,FULL TERM (14-JAN-13 - 10-MAY-13),Online or Blended
E-C,False,5548,BTEC,235,MICROSOFT WORD/WINDOWS,3,,*,Favinger C,,14-JAN-13,-1,FULL TERM (14-JAN-13 - 10-MAY-13),Online or Blended
Lec,False,5564,BTEC,253,MEDICAL TERMINOLOGY,3,M,0400 - 0645 pm,McNulty C,2215 (MAIN),14-JAN-13,6,FULL TERM (14-JAN-13 - 10-MAY-13),Main
Lec,False,5565,BTEC,253,MEDICAL TERMINOLOGY,3,T,0400 - 0645 pm,McNulty C,1326 (MAIN),14-JAN-13,5,FULL TERM (14-JAN-13 - 10-MAY-13),Main
E-C,False,5572,BTEC,253,MEDICAL TERMINOLOGY,3,,*,Shah P,,14-JAN-13,5,FULL TERM (14-JAN-13 - 10-MAY-13),Online or Blended
E-C,False,5573,BTEC,253,MEDICAL TERMINOLOGY,3,,*,Salyers K,,14-JAN-13,-3,FULL TERM (14-JAN-13 - 10-MAY-13),Online or Blended
E-C,False,5320,BTEC,254,MEDICAL TRANSCRIPTION,3,,*,Babylon T,,14-JAN-13,5,FULL TERM (14-JAN-13 - 10-MAY-13),Online or Blended
Lec,False,5575,BTEC,255,MEDICAL BILLING,3,W,0700 - 0945 pm,Morris S,0414A (MAIN),14-JAN-13,13,FULL TERM (14-JAN-13 - 10-MAY-13),Main
Lec,False,5576,BTEC,256,MEDICAL CODING,3,W,0400 - 0645 pm,Morris S,2539 (MAIN),14-JAN-13,12,FULL TERM (14-JAN-13 - 10-MAY-13),Main
E-C,False,5550,BTEC,265,MULTIMEDIA PRESENTATIONS,3,,*,Cross T,,14-JAN-13,4,FULL TERM (14-JAN-13 - 10-MAY-13),Online or Blended
E-C,False,5551,BTEC,265,MULTIMEDIA PRESENTATIONS,3,,*,Cross T,,14-JAN-13,13,FULL TERM (14-JAN-13 - 10-MAY-13),Online or Blended
E-C,False,5552,BTEC,270,INTRO TO WEB PAGE DESIGN,3,,*,Kinder A,,14-JAN-13,6,FULL TERM (14-JAN-13 - 10-MAY-13),Online or Blended
E-C,False,5553,BTEC,270,INTRO TO WEB PAGE DESIGN,3,,*,Kinder A,,14-JAN-13,15,FULL TERM (14-JAN-13 - 10-MAY-13),Online or Blended
E-C,False,5522,BTEC,275,ADVANCED MICRO APPS FOR BUS,3,,*,Davis S,,14-JAN-13,-5,FULL TERM (14-JAN-13 - 10-MAY-13),Online or Blended
E-C,False,5555,BTEC,275,ADVANCED MICRO APPS FOR BUS,3,,*,Marlow B,,14-JAN-13,-2,FULL TERM (14-JAN-13 - 10-MAY-13),Online or Blended
E-C,False,5557,BTEC,275,ADVANCED MICRO APPS FOR BUS,3,,*,Bennett J,,14-JAN-13,1,FULL TERM (14-JAN-13 - 10-MAY-13),Online or Blended
E-C,False,5558,BTEC,295,PROF DEVELOPMENT SEMINAR,3,,*,Padon M,,14-JAN-13,4,FULL TERM (14-JAN-13 - 10-MAY-13),Online or Blended
Lec,False,5464,CHEM,111,INTRO TO GENERAL CHEMISTRY,4,T R,1230 - 0145 pm,Anderson S,1330 (MAIN),14-JAN-13,2,FULL TERM (14-JAN-13 - 10-MAY-13),Main
Lab,False,5465,CHEM,111L,INTRO TO GEN CHEM LAB,0,W,0100 - 0245 pm,Cheng P,3323 (MAIN),14-JAN-13,2,FULL TERM (14-JAN-13 - 10-MAY-13),Main
Lec,False,5593,CHEM,115,FUNDAMENTALS OF CHEMISTRY 1,4,M W,1230 - 0145 pm,Anderson S,1314 (MAIN),14-JAN-13,0,FULL TERM (14-JAN-13 - 10-MAY-13),Main
Lab,False,5594,CHEM,115L,FUND OF CHEMISTRY 1 LAB,0,M,0200 - 0355 pm,Anderson S,3323 (MAIN),14-JAN-13,0,FULL TERM (14-JAN-13 - 10-MAY-13),Main
Lec,False,5595,CHEM,116,FUNDAMENTALS OF CHEMISTRY 2,4,T R,1100 - 1215 pm,Anderson S,3303 (MAIN),14-JAN-13,5,FULL TERM (14-JAN-13 - 10-MAY-13),Main
Lab,False,5596,CHEM,116L,FUND OF CHEMISTRY 2 LAB,0,T,0900 - 1055 am,Anderson S,3323 (MAIN),14-JAN-13,5,FULL TERM (14-JAN-13 - 10-MAY-13),Main
Lec,False,5591,CHEM,234,ORGANIC CHEMISTRY 2,3,M W,0300 - 0415 pm,Cheng P,0132 (MAIN),14-JAN-13,14,FULL TERM (14-JAN-13 - 10-MAY-13),Main
Lab,False,5592,CHEM,236,ORGANIC CHEMISTRY 2 LAB,1,T,1200 - 0255 pm,Cheng P,3305 (MAIN),14-JAN-13,14,FULL TERM (14-JAN-13 - 10-MAY-13),Main
Lec,False,5468,CHEM,297,ST: CHEMICAL CALCULATIONS,4,T R,0930 - 1045 am,Cheng P,3303 (MAIN),14-JAN-13,5,FULL TERM (14-JAN-13 - 10-MAY-13),Main
Lec,False,5470,CHEM,297,ST: CHEMICAL CALCULATIONS,4,W,0500 - 0725 pm,Cheng P,3303 (MAIN),14-JAN-13,15,FULL TERM (14-JAN-13 - 10-MAY-13),Main
Lec,False,5471,CHEM,297,ST: CHEMICAL CALCULATIONS,4,M W,0930 - 1045 am,Anderson S,3303 (MAIN),14-JAN-13,11,FULL TERM (14-JAN-13 - 10-MAY-13),Main
Lab,False,5472,CHEM,297L,ST: CHEMICAL CALCULATIONS LAB,0,R,0900 - 1055 am,Anderson S,3323 (MAIN),14-JAN-13,13,FULL TERM (14-JAN-13 - 10-MAY-13),Main
Lab,False,5589,CHEM,297L,ST: CHEMICAL CALCULATIONS LAB,0,R,0100 - 0255 pm,Cheng P,3323 (MAIN),14-JAN-13,9,FULL TERM (14-JAN-13 - 10-MAY-13),Main
Lab,False,5590,CHEM,297L,ST: CHEMICAL CALCULATIONS LAB,0,T,0500 - 0655 pm,Cheng P,3323 (MAIN),14-JAN-13,9,FULL TERM (14-JAN-13 - 10-MAY-13),Main
Lec,False,5597,CHEM,410,INTRODUCTORY BIOCHEMISTRY,3,T R,0930 - 1045 am,Cordonier N,1314 (MAIN),14-JAN-13,14,FULL TERM (14-JAN-13 - 10-MAY-13),Main
Lab,False,5598,CHEM,412,INTRO BIOCHEMISTRY LAB,1,W,0900 - 1145 am,Cordonier N,3305 (MAIN),14-JAN-13,14,FULL TERM (14-JAN-13 - 10-MAY-13),Main
E-C,False,5165,CDEV,105,FAMILY & THE CHILD,3,,*,Elkins-Earl V,,14-JAN-13,5,FULL TERM (14-JAN-13 - 10-MAY-13),Online or Blended
E-C,False,5166,CDEV,155,GUIDING YOUNG CHILDREN,3,,*,Blick J,,14-JAN-13,0,FULL TERM (14-JAN-13 - 10-MAY-13),Online or Blended
E-C,False,5167,CDEV,205,YOUNG CHILDREN W/SPECIAL NEEDS,3,,*,Elkins-Earl V,,14-JAN-13,2,FULL TERM (14-JAN-13 - 10-MAY-13),Online or Blended
E-C,False,5168,CDEV,210,CUR & STRAT EARLY CHLDHD PGMS,3,,*,Davis A,,14-JAN-13,1,FULL TERM (14-JAN-13 - 10-MAY-13),Online or Blended
E-C,False,5169,CDEV,240,OBSERVATION & ASSESSMENT SKILL,3,,*,Mazzeo K,,14-JAN-13,0,FULL TERM (14-JAN-13 - 10-MAY-13),Online or Blended
E-C,False,5171,CDEV,243,INFANT & TODDLER DEVELOPMENT,3,,*,Wolfe A,,14-JAN-13,4,FULL TERM (14-JAN-13 - 10-MAY-13),Online or Blended
Alt,False,5870,CDEV,251,CHILD DEVELOPMENT CAPSTONE 1,4,F,0900 - 1100 am,Stephens L,1329 (MAIN),14-JAN-13,14,FULL TERM (14-JAN-13 - 10-MAY-13),Main
E-C,False,5869,CDEV,255,CHILD DEVELOPMENT SEMINAR,3,,*,Stephens L,,14-JAN-13,13,FULL TERM (14-JAN-13 - 10-MAY-13),Online or Blended
Lec,False,5011,COMM,111,FUNDAMENTALS OF SPEECH,3,M W,0800 - 0915 am,Held M,2537 (MAIN),14-JAN-13,1,FULL TERM (14-JAN-13 - 10-MAY-13),Main
Lec,False,5012,COMM,111,FUNDAMENTALS OF SPEECH,3,T R,0930 - 1045 am,Held M,2537 (MAIN),14-JAN-13,0,FULL TERM (14-JAN-13 - 10-MAY-13),Main
Lec,False,5032,COMM,111,FUNDAMENTALS OF SPEECH,3,T R,1100 - 1215 pm,Korcsmaros K,2537 (MAIN),14-JAN-13,0,FULL TERM (14-JAN-13 - 10-MAY-13),Main
Lec,False,5033,COMM,111,FUNDAMENTALS OF SPEECH,3,T R,0800 - 0915 am,Korcsmaros K,2537 (MAIN),14-JAN-13,1,FULL TERM (14-JAN-13 - 10-MAY-13),Main
Lec,False,5055,COMM,111,FUNDAMENTALS OF SPEECH,3,T R,1230 - 0145 pm,Clifford M,2537 (MAIN),14-JAN-13,1,FULL TERM (14-JAN-13 - 10-MAY-13),Main
Lec,False,5057,COMM,111,FUNDAMENTALS OF SPEECH,3,M,0400 - 0645 pm,Phillips S,2537 (MAIN),14-JAN-13,0,FULL TERM (14-JAN-13 - 10-MAY-13),Main
Lec,False,5058,COMM,111,FUNDAMENTALS OF SPEECH,3,F,0200 - 0445 pm,Bell S,2537 (MAIN),14-JAN-13,2,FULL TERM (14-JAN-13 - 10-MAY-13),Main
E-C,False,5079,COMM,111,FUNDAMENTALS OF SPEECH,3,,*,Elser J,,14-JAN-13,0,FULL TERM (14-JAN-13 - 10-MAY-13),Online or Blended
E-C,False,5078,COMM,111,FUNDAMENTALS OF SPEECH,3,,*,Elser J,,11-MAR-13,0,SECOND HALF TERM (11-MAR-13 - 10-MAY-13),Online or Blended
Lec,False,5873,COMM,111,FUNDAMENTALS OF SPEECH,3,M T W,0220 - 0310 pm,Null A,PHS (OFFCAM),22-JAN-13,14,LATE SEMESTER (High School) (22-JAN-13 - 10-MAY-13),High School Campus
Lec,False,5886,COMM,111,FUNDAMENTALS OF SPEECH,3,M T W R F,0800 - 0930 am,Goff R,RITCH (OFFCAM),22-JAN-13,8,LATE SEMESTER (High School) (22-JAN-13 - 10-MAY-13),High School Campus
Lec,False,5054,COMM,112,INTERPERSONAL COMMUNICATION,3,M,0700 - 0945 pm,Phillips S,2537 (MAIN),14-JAN-13,1,FULL TERM (14-JAN-13 - 10-MAY-13),Main
Lec,False,5056,COMM,112,INTERPERSONAL COMMUNICATION,3,M W,0930 - 1045 am,Clifford M,2537 (MAIN),14-JAN-13,0,FULL TERM (14-JAN-13 - 10-MAY-13),Main
E-C,False,5081,COMM,112,INTERPERSONAL COMMUNICATION,3,,*,Oblisk H,,14-JAN-13,2,FULL TERM (14-JAN-13 - 10-MAY-13),Online or Blended
E-C,False,5082,COMM,112,INTERPERSONAL COMMUNICATION,3,,*,Bell S,,14-JAN-13,2,FULL TERM (14-JAN-13 - 10-MAY-13),Online or Blended
E-C,False,5152,COMM,112,INTERPERSONAL COMMUNICATION,3,,*,Oblisk H,,14-JAN-13,2,FULL TERM (14-JAN-13 - 10-MAY-13),Online or Blended
E-C,False,5080,COMM,112,INTERPERSONAL COMMUNICATION,3,,*,Oblisk H,,11-MAR-13,0,SECOND HALF TERM (11-MAR-13 - 10-MAY-13),Online or Blended
Lec,False,5757,COMM,212,AMERICAN SIGN LANGUAGE 2,3,W,0700 - 0945 pm,Leisure E,2317 (MAIN),14-JAN-13,13,FULL TERM (14-JAN-13 - 10-MAY-13),Main
Alt,False,5029,COMM,281,CONTEST SPEAK: PREPARED EVENTS,1,,TBA,Korcsmaros K,,14-JAN-13,-5,FULL TERM (14-JAN-13 - 10-MAY-13),Main
Alt,False,5030,COMM,282,CONTEST SPEAK: ORIGINAL EVENTS,1,,TBA,Korcsmaros K,,14-JAN-13,-5,FULL TERM (14-JAN-13 - 10-MAY-13),Main
Alt,False,5031,COMM,283,CONTEST SPEAK: INTERPRETATION,1,,TBA,Korcsmaros K,,14-JAN-13,-5,FULL TERM (14-JAN-13 - 10-MAY-13),Main
E-C,False,5083,COMM,304,HUMAN COMM/RATIONAL DECISIONS,3,,*,Richmond A,,14-JAN-13,3,FULL TERM (14-JAN-13 - 10-MAY-13),Online or Blended
Lec,False,5013,COMM,306,HUMAN COMM IN ORG & INSTITU,3,T R,1230 - 0145 pm,Held M,2206 (MAIN),14-JAN-13,10,FULL TERM (14-JAN-13 - 10-MAY-13),Main
E-C,False,5009,COMM,308,NONVERBAL COMMUNICATION,3,,*,Held M,,14-JAN-13,-1,FULL TERM (14-JAN-13 - 10-MAY-13),Online or Blended
Lec,False,5010,COMM,308,NONVERBAL COMMUNICATION,3,M W,1230 - 0145 pm,Held M,2537 (MAIN),14-JAN-13,4,FULL TERM (14-JAN-13 - 10-MAY-13),Main
Alt,False,5800,COMM,397,ST: CAPSTONE SEMINAR IN COMMUN,1,F,0800 - 0900 am,Korcsmaros K,,14-JAN-13,8,FULL TERM (14-JAN-13 - 10-MAY-13),Main
E-C,False,5015,COMM,404,PERSUASION THEORY & RESEARCH,3,,*,Korcsmaros K,,14-JAN-13,3,FULL TERM (14-JAN-13 - 10-MAY-13),Online or Blended
Lec,False,5645,CIT,101,PC MGMT & MAINTENANCE,5,M W,0300 - 0530 pm,Dawkins J,C123 (CAPC),14-JAN-13,12,FULL TERM (14-JAN-13 - 10-MAY-13),Main
Lec,False,5647,CIT,101,PC MGMT & MAINTENANCE,5,T R,1230 - 0300 pm,Dawkins J,C123 (CAPC),14-JAN-13,6,FULL TERM (14-JAN-13 - 10-MAY-13),Main
Lec,False,5650,CIT,105,NETWORK FUNDAMENTALS,5,M W,0600 - 0830 pm,Dawkins J,C221 (CAPC),14-JAN-13,7,FULL TERM (14-JAN-13 - 10-MAY-13),Main
Lec,False,5654,CIT,106,ROUTER/ROUTING FUND (CISCO 2),5,M W,0400 - 0630 pm,Raney III M,C217 (CAPC),14-JAN-13,1,FULL TERM (14-JAN-13 - 10-MAY-13),Main
,False,5771,CIT,111,WINDOWS OPERATING SYS (MCP#1),3,M T W R F,1200 - 0130 pm,Ash S,C213 (CAPC),22-JAN-13,13,LATE SEMESTER (High School) (22-JAN-13 - 10-MAY-13),High School Campus
Lec,False,5656,CIT,114,WINDOWS OPERATING SYSTEMS,3,T R,1030 - 1200 pm,Dawkins J,C127 (CAPC),14-JAN-13,0,FULL TERM (14-JAN-13 - 10-MAY-13),Main
E-C,False,5660,CIT,130,PRIN OF INFORMATION SYSTEMS,3,,*,Weaver K,,14-JAN-13,3,FULL TERM (14-JAN-13 - 10-MAY-13),Online or Blended
E-C,False,5661,CIT,130,PRIN OF INFORMATION SYSTEMS,3,,*,Weaver K,,14-JAN-13,5,FULL TERM (14-JAN-13 - 10-MAY-13),Online or Blended
Lec,False,5708,CIT,140,ELECTRICITY/DIG ELCTRNCS FUND,2,F,0830 - 1015 am,Thompson D,C211 (CAPC),14-JAN-13,0,FULL TERM (14-JAN-13 - 10-MAY-13),Main
Lab,False,5712,CIT,141,ELECTRC/DIG ELCTRNCS FUND LAB,1,F,1030 - 1215 pm,Thompson D,C211 (CAPC),14-JAN-13,0,FULL TERM (14-JAN-13 - 10-MAY-13),Main
Lec,False,5663,CIT,206,WAN THEORY & DESIGN (CISCO 4),5,T R,0415 - 0645 pm,Rhodes D,C221 (CAPC),14-JAN-13,5,FULL TERM (14-JAN-13 - 10-MAY-13),Main
Ble,False,5664,CIT,211,NETWORK INFRASTRUCTURE (MCP),3,T R,1100 - 1215 pm,Almond C,C217 (CAPC),14-JAN-13,8,FULL TERM (14-JAN-13 - 10-MAY-13),Online or Blended
Lec,False,5665,CIT,240,INTRODUCTION TO LINUX,3,M W,1230 - 0145 pm,Almond C,C217 (CAPC),14-JAN-13,4,FULL TERM (14-JAN-13 - 10-MAY-13),Online or Blended
Alt,False,5666,CIT,260,CAPSTONE PROJECT,2,T,0200 - 0300 pm,Almond C,C221 (CAPC),14-JAN-13,8,FULL TERM (14-JAN-13 - 10-MAY-13),Main
Alt,False,5667,CIT,260L,CAPSTONE PROJECT LAB,1,T,0200 - 0300 pm,Almond C,C221 (CAPC),14-JAN-13,8,FULL TERM (14-JAN-13 - 10-MAY-13),Main
Lab,False,5668,CIT,280,PRACT COMPUTER/NETWORKING APPL,1,,TBA,Dawkins J,,14-JAN-13,23,FULL TERM (14-JAN-13 - 10-MAY-13),Main
Ble,False,5670,CIT,330,DIR SERV INFRASTRUCTURE (MCP),3,T R,0100 - 0215 pm,Almond C,C217 (CAPC),14-JAN-13,18,FULL TERM (14-JAN-13 - 10-MAY-13),Online or Blended
Lec,False,5671,CIT,340,ADVANCED LINUX NETWORKING,4,T R,0900 - 1045 am,Almond C,C217 (CAPC),14-JAN-13,5,FULL TERM (14-JAN-13 - 10-MAY-13),Online or Blended
Lec,False,5672,CIT,405,MULTI-LAYER SWITCHED NETWORKS,5,M W,0700 - 0930 pm,Weekley T,C217 (CAPC),14-JAN-13,17,FULL TERM (14-JAN-13 - 10-MAY-13),Main
Stu,False,5675,CIT,460,INTERDISCIPLINARY PROJECT,3,T R,0400 - 0515 pm,Dawkins J,C123 (CAPC),14-JAN-13,22,FULL TERM (14-JAN-13 - 10-MAY-13),Main
Lec,False,5752,CS,100,COMPUTER LITERACY,3,M W,1230 - 0230 pm,Bina J,C127 (CAPC),04-FEB-13,13,LATE SESSION (04-FEB-13 - 10-MAY-13),Main
E-C,False,5296,CS,101,INTRODUCTION TO COMPUTING,3,,*,Barron V,,14-JAN-13,5,FULL TERM (14-JAN-13 - 10-MAY-13),Online or Blended
E-C,False,5682,CS,101,INTRODUCTION TO COMPUTING,3,,*,Brown W,,14-JAN-13,5,FULL TERM (14-JAN-13 - 10-MAY-13),Online or Blended
E-C,False,5683,CS,101,INTRODUCTION TO COMPUTING,3,,*,Brown W,,14-JAN-13,10,FULL TERM (14-JAN-13 - 10-MAY-13),Online or Blended
E-C,False,5685,CS,101,INTRODUCTION TO COMPUTING,3,,*,Marlow B,,14-JAN-13,1,FULL TERM (14-JAN-13 - 10-MAY-13),Online or Blended
E-C,False,5686,CS,101,INTRODUCTION TO COMPUTING,3,,*,Marlow B,,14-JAN-13,1,FULL TERM (14-JAN-13 - 10-MAY-13),Online or Blended
E-C,False,5687,CS,101,INTRODUCTION TO COMPUTING,3,,*,Brown W,,14-JAN-13,6,FULL TERM (14-JAN-13 - 10-MAY-13),Online or Blended
E-C,False,5688,CS,101,INTRODUCTION TO COMPUTING,3,,*,Hern H,,14-JAN-13,7,FULL TERM (14-JAN-13 - 10-MAY-13),Online or Blended
Lec,False,5689,CS,101,INTRODUCTION TO COMPUTING,3,R,0900 - 1145 am,Sams J,C204 (CAPC),14-JAN-13,0,FULL TERM (14-JAN-13 - 10-MAY-13),Main
Lec,False,5690,CS,101,INTRODUCTION TO COMPUTING,3,R,0100 - 0345 pm,Sams J,C127 (CAPC),14-JAN-13,2,FULL TERM (14-JAN-13 - 10-MAY-13),Main
E-C,False,5691,CS,101,INTRODUCTION TO COMPUTING,3,,*,Tuell D,,14-JAN-13,4,FULL TERM (14-JAN-13 - 10-MAY-13),Online or Blended
Lec,False,5692,CS,101,INTRODUCTION TO COMPUTING,3,F,0600 - 0900 pm,Hershman L,C127 (CAPC),14-JAN-13,16,FULL TERM (14-JAN-13 - 10-MAY-13),Main
Lec,False,5755,CS,101,INTRODUCTION TO COMPUTING,3,R,0400 - 0700 pm,Tuell D,C127 (CAPC),04-FEB-13,8,LATE SESSION (04-FEB-13 - 10-MAY-13),Main
,False,5770,CS,101,INTRODUCTION TO COMPUTING,3,M T W R F,0930 - 1100 am,Ash S,C213 (CAPC),22-JAN-13,13,LATE SEMESTER (High School) (22-JAN-13 - 10-MAY-13),High School Campus
Lec,False,5347,CS,102,SPREADSHEET APPLICATIONS,3,T R,0900 - 1029 am,Thompson G,C127 (CAPC),14-JAN-13,7,FULL TERM (14-JAN-13 - 10-MAY-13),Main
Lec,False,5435,CS,108,EDUCATIONAL TECHNOLOGY,3,M,0400 - 0645 pm,Starkey J,1321 (MAIN),14-JAN-13,0,FULL TERM (14-JAN-13 - 10-MAY-13),Main
Alt,False,5436,CS,108,EDUCATIONAL TECHNOLOGY,3,M,0700 - 0945 pm,Starkey J,1321 (MAIN),14-JAN-13,11,FULL TERM (14-JAN-13 - 10-MAY-13),Main
Lec,False,5719,CS,121,COMPUTER PROGRAMMING 1,3,M W,0900 - 1030 am,Almond C,C217 (CAPC),14-JAN-13,10,FULL TERM (14-JAN-13 - 10-MAY-13),Main
Lec,False,5721,CS,122,COMPUTER PROGRAMMING 2,3,M,0500 - 0800 pm,Cole L,C127 (CAPC),14-JAN-13,9,FULL TERM (14-JAN-13 - 10-MAY-13),Main
Lec,False,5821,CS,297,ST:CHARAC ANIM W/3D STUDIO MAX,3,T R,0400 - 0515 pm,Underwood E,C204 (CAPC),14-JAN-13,17,FULL TERM (14-JAN-13 - 10-MAY-13),Main
E-C,False,5720,CS,302,SYSTEM ANALYSIS AND DESIGN,3,,*,Smith P,,14-JAN-13,16,FULL TERM (14-JAN-13 - 10-MAY-13),Online or Blended
Lec,False,5674,CS,460,SENIOR PROJECT,3,T R,0400 - 0515 pm,Dawkins J,C123 (CAPC),14-JAN-13,22,FULL TERM (14-JAN-13 - 10-MAY-13),Main
Lec,False,5025,CJ,111,INTRO TO CRIMINAL JUSTICE,3,T R,0200 - 0315 pm,Roy L,2214 (MAIN),14-JAN-13,3,FULL TERM (14-JAN-13 - 10-MAY-13),Main
Lec,False,5777,CJ,111,INTRO TO CRIMINAL JUSTICE,3,T R,0815 - 0935 am,Barker II D,PSHS (OFFCAM),22-JAN-13,18,LATE SEMESTER (High School) (22-JAN-13 - 10-MAY-13),High School Campus
Lec,False,5020,CJ,112,CRIMINAL & CONSTITUTIONAL LAW,3,M W,0200 - 0315 pm,Barron J,1317 (MAIN),14-JAN-13,9,FULL TERM (14-JAN-13 - 10-MAY-13),Main
E-C,False,5074,CJ,112,CRIMINAL & CONSTITUTIONAL LAW,3,,*,Frame A,,14-JAN-13,6,FULL TERM (14-JAN-13 - 10-MAY-13),Online or Blended
E-C,False,5075,CJ,121,POLICE ADMIN & SUPERVISION,3,,*,Saccenti T,,14-JAN-13,1,FULL TERM (14-JAN-13 - 10-MAY-13),Online or Blended
Lec,False,5130,CJ,121,POLICE ADMIN & SUPERVISION,3,T R,0200 - 0315 pm,Lawson A,2202 (MAIN),14-JAN-13,19,FULL TERM (14-JAN-13 - 10-MAY-13),Main
Lec,False,5131,CJ,123,INTRO TO CORRECTIONS,3,M W,0930 - 1045 am,Lawson A,2317 (MAIN),14-JAN-13,1,FULL TERM (14-JAN-13 - 10-MAY-13),Main
E-C,False,5068,CJ,150,POLICE REPORT WRITING,3,,*,Brown D,,14-JAN-13,4,FULL TERM (14-JAN-13 - 10-MAY-13),Online or Blended
E-C,False,5069,CJ,213,PROBATION & PAROLE,3,,*,Trippett J,,14-JAN-13,2,FULL TERM (14-JAN-13 - 10-MAY-13),Online or Blended
Lec,False,5132,CJ,213,PROBATION & PAROLE,3,T R,0930 - 1045 am,Lawson A,2202 (MAIN),14-JAN-13,-2,FULL TERM (14-JAN-13 - 10-MAY-13),Main
Lec,False,5070,CJ,226,PENOLOGY,3,R,0700 - 0945 pm,Trippett J,2317 (MAIN),14-JAN-13,14,FULL TERM (14-JAN-13 - 10-MAY-13),Main
E-C,False,5071,CJ,245,VICTIMOLOGY,3,,*,Brown D,,14-JAN-13,2,FULL TERM (14-JAN-13 - 10-MAY-13),Online or Blended
Alt,False,5034,CJ,291,INTERNSHIP,3,,TBA,Roy L,,14-JAN-13,-2,FULL TERM (14-JAN-13 - 10-MAY-13),Main
Lec,False,5072,CJ,305,INTERVIEWING & CRISIS MGMT,3,M,0700 - 0945 pm,Saccenti T,0131A (MAIN),14-JAN-13,17,FULL TERM (14-JAN-13 - 10-MAY-13),Main
E-C,False,5076,CJ,312,ETHICS IN CRIMINAL JUSTICE,3,,*,DeMeyer J,,14-JAN-13,4,FULL TERM (14-JAN-13 - 10-MAY-13),Online or Blended
Lec,False,5133,CJ,312,ETHICS IN CRIMINAL JUSTICE,3,T R,1100 - 1215 pm,Lawson A,2202 (MAIN),14-JAN-13,3,FULL TERM (14-JAN-13 - 10-MAY-13),Main
Lec,False,5023,CJ,313,CRIMINAL PROCEDURES,3,T R,1100 - 1215 pm,Barron J,2214 (MAIN),14-JAN-13,28,FULL TERM (14-JAN-13 - 10-MAY-13),Main
Lec,False,5454,CJ,321,EVIDENCE COLLECTION & HANDLING,3,M W,1230 - 0145 pm,Lawson A,2318 (MAIN),14-JAN-13,7,FULL TERM (14-JAN-13 - 10-MAY-13),Main
Lec,False,5135,CJ,330,FIREARMS & BALLISTICS,3,W,0700 - 0945 pm,Barker II D,2202 (MAIN),14-JAN-13,21,FULL TERM (14-JAN-13 - 10-MAY-13),Main
E-C,False,5077,CJ,331,CRIMINAL INVESTIGATIONS,3,,*,Bodge S,,14-JAN-13,1,FULL TERM (14-JAN-13 - 10-MAY-13),Online or Blended
Lec,False,5796,CJ,331,CRIMINAL INVESTIGATIONS,3,M W,0930 - 1045 am,DeMeyer J,0131A (MAIN),14-JAN-13,0,FULL TERM (14-JAN-13 - 10-MAY-13),Main
Lec,False,5073,CJ,341,FINGERPRINTS & TRACE EVIDENCE,3,M,0700 - 0945 pm,Martin J,2317 (MAIN),14-JAN-13,18,FULL TERM (14-JAN-13 - 10-MAY-13),Main
Lec,False,5026,CJ,355,CRIME SCENE INVESTIGATIONS,4,M W,1230 - 0200 pm,Roy L,0131A (MAIN),14-JAN-13,2,FULL TERM (14-JAN-13 - 10-MAY-13),Main
Lec,False,5137,CJ,375,CRIME SCENE PHOTOGRAPHY,3,T,0700 - 0945 pm,Roy L,0131A (MAIN),14-JAN-13,23,FULL TERM (14-JAN-13 - 10-MAY-13),Main
Lec,False,5027,CJ,388,BLOODSTAIN PATTERNS,3,T R,0930 - 1045 am,Roy L,0131A (MAIN),14-JAN-13,14,FULL TERM (14-JAN-13 - 10-MAY-13),Main
Lec,False,5858,CJ,397,ST: ADVANCED CSI MGT,4,T R,0630 - 0945 pm,Roy L,2214 (MAIN),11-MAR-13,14,SECOND HALF TERM (11-MAR-13 - 10-MAY-13),Main
Lec,False,5028,CJ,440,RESEARCH METHODS IN CJ,3,T R,1100 - 1215 pm,Roy L,0131A (MAIN),14-JAN-13,6,FULL TERM (14-JAN-13 - 10-MAY-13),Main
Alt,False,5035,CJ,460,CAPSTONE COURSE,2,,TBA,Roy L,,14-JAN-13,2,FULL TERM (14-JAN-13 - 10-MAY-13),Main
Lec,False,5933,CUL,100,FOODSERVICE SANITATION,2,M T,0800 - 0950 am,Evans E,,11-MAR-13,2,SECOND HALF TERM (11-MAR-13 - 10-MAY-13),Off-Campus Site
Lec,False,5934,CUL,101,FOOD PREPARATION 1,3,M T,1000 - 0350 pm,Evans E,,11-MAR-13,3,SECOND HALF TERM (11-MAR-13 - 10-MAY-13),Off-Campus Site
Lec,False,5935,CUL,105,INTRODUCTION TO BAKING,3,W R,0900 - 0250 pm,Evans E,,11-MAR-13,3,SECOND HALF TERM (11-MAR-13 - 10-MAY-13),Off-Campus Site
Lec,False,5936,CUL,125,NUTRITION FOR FOODSERVICE,3,F,0800 - 1050 am,Evans E,,11-MAR-13,2,SECOND HALF TERM (11-MAR-13 - 10-MAY-13),Off-Campus Site
Lec,False,5977,DAGR,111,PROFESSIONS IN AGRICULTURE,1,T R,1000 - 1200 pm,Guedes R,,11-MAR-13,20,SECOND HALF TERM (11-MAR-13 - 10-MAY-13),Main
Lec,False,5978,DAGR,112,PRINCIPLES OF SOIL SCIENCE,4,M W,1100 - 0100 pm,Guedes R,,11-MAR-13,14,SECOND HALF TERM (11-MAR-13 - 10-MAY-13),Main
,False,5765,DRAF,111,FUND OF DRAFTING USING AUTOCAD,3,M T W R F,0130 - 0300 pm,Ruble M,C202 (CAPC),22-JAN-13,9,LATE SEMESTER (High School) (22-JAN-13 - 10-MAY-13),High School Campus
Lec,False,5356,DRAF,112,ADV DRAFTING TECHNIQUES,3,T R,1200 - 0115 pm,Underwood E,C204 (CAPC),14-JAN-13,14,FULL TERM (14-JAN-13 - 10-MAY-13),Main
,False,5763,DRAF,115,COMPUTER-AIDED DRAFTING,3,M T W R F,0800 - 0929 am,Ruble M,C202 (CAPC),22-JAN-13,4,LATE SEMESTER (High School) (22-JAN-13 - 10-MAY-13),High School Campus
,False,5764,DRAF,116,3D MODELING WITH AUTOCAD,3,M T W R F,0930 - 1100 am,Ruble M,C202 (CAPC),22-JAN-13,9,LATE SEMESTER (High School) (22-JAN-13 - 10-MAY-13),High School Campus
Lec,False,5357,DRAF,122,FUNDAMENTALS OF 3D STUDIO MAX,3,T R,0200 - 0315 pm,Underwood E,C204 (CAPC),14-JAN-13,7,FULL TERM (14-JAN-13 - 10-MAY-13),Main
Lec,False,5359,DRAF,220,FUND OF MICROSTATION WITH 3D,3,M W,1200 - 0115 pm,Underwood E,C204 (CAPC),14-JAN-13,14,FULL TERM (14-JAN-13 - 10-MAY-13),Main
Lec,False,5360,DRAF,226,3D PARAMETRIC MODEL W/INVENTOR,3,M W,0200 - 0315 pm,Underwood E,C204 (CAPC),14-JAN-13,14,FULL TERM (14-JAN-13 - 10-MAY-13),Main
Lec,False,5358,DRAF,228,3D ARCHITECTURAL DRAFTING,3,M W,0400 - 0515 pm,Underwood E,C204 (CAPC),14-JAN-13,13,FULL TERM (14-JAN-13 - 10-MAY-13),Main
Lab,False,5808,DRAF,260,ENGR TECH - DRAFTING CAPSTONE,1,M,0900 - 1015 am,Underwood E,C204 (CAPC),14-JAN-13,16,FULL TERM (14-JAN-13 - 10-MAY-13),Main
Lec,False,5484,ECON,201,MICROECONOMICS,3,M W,1230 - 0145 pm,Holland J,1330 (MAIN),14-JAN-13,0,FULL TERM (14-JAN-13 - 10-MAY-13),Main
Lec,False,5485,ECON,201,MICROECONOMICS,3,M,0400 - 0645 pm,Holland J,1326 (MAIN),14-JAN-13,3,FULL TERM (14-JAN-13 - 10-MAY-13),Main
E-C,False,5506,ECON,201,MICROECONOMICS,3,,*,Sarkarat S,,14-JAN-13,3,FULL TERM (14-JAN-13 - 10-MAY-13),Online or Blended
Lec,False,5608,ECON,201,MICROECONOMICS,3,M,0700 - 0945 pm,Tamburini T,1326 (MAIN),14-JAN-13,0,FULL TERM (14-JAN-13 - 10-MAY-13),Main
Lec,False,5508,ECON,202,MACROECONOMICS,3,M W,0930 - 1045 am,Sarkarat S,1326 (MAIN),14-JAN-13,3,FULL TERM (14-JAN-13 - 10-MAY-13),Main
E-C,False,5510,ECON,202,MACROECONOMICS,3,,*,Sarkarat S,,14-JAN-13,-3,FULL TERM (14-JAN-13 - 10-MAY-13),Online or Blended
Lec,False,5609,ECON,202,MACROECONOMICS,3,T,0700 - 0945 pm,Tamburini T,2215 (MAIN),14-JAN-13,3,FULL TERM (14-JAN-13 - 10-MAY-13),Main
E-C,False,5513,ECON,320,MANAGERIAL ECONOMICS,3,,*,Sarkarat S,,14-JAN-13,1,FULL TERM (14-JAN-13 - 10-MAY-13),Online or Blended
E-C,False,5514,ECON,331,FINANCIAL ECONOMICS,3,,*,Sarkarat S,,14-JAN-13,-2,FULL TERM (14-JAN-13 - 10-MAY-13),Online or Blended
Lec,False,5140,EDUC,100,INTRO TO TEACHER EDUCATION,2,M,0200 - 0345 pm,Boso G,1321 (MAIN),14-JAN-13,6,FULL TERM (14-JAN-13 - 10-MAY-13),Main
Lec,False,5141,EDUC,100,INTRO TO TEACHER EDUCATION,2,W,0200 - 0345 pm,Boso G,1321 (MAIN),14-JAN-13,11,FULL TERM (14-JAN-13 - 10-MAY-13),Main
Lec,False,5142,EDUC,200,INTRO TO EXCEPTIONAL CHILDREN,3,M W,0930 - 1045 am,Metz J,1329 (MAIN),14-JAN-13,6,FULL TERM (14-JAN-13 - 10-MAY-13),Main
Lec,False,5143,EDUC,200,INTRO TO EXCEPTIONAL CHILDREN,3,R,0700 - 0945 pm,Metz J,1329 (MAIN),14-JAN-13,8,FULL TERM (14-JAN-13 - 10-MAY-13),Main
Lec,False,5144,EDUC,230,COOPERATIVE DISCIPLINE,3,W,0725 - 1025 am,Stull R,1321 (MAIN),14-JAN-13,10,FULL TERM (14-JAN-13 - 10-MAY-13),Off-Campus Site
E-C,False,5145,EDUC,250,INTRO TO EARLY EDUCATION,3,,*,Blick J,,14-JAN-13,2,FULL TERM (14-JAN-13 - 10-MAY-13),Online or Blended
Lec,False,5361,EDUC,255,LANG ARTS & EMERGENT LITERACY,3,T,0400 - 0645 pm,Stephens L,1321 (MAIN),14-JAN-13,9,FULL TERM (14-JAN-13 - 10-MAY-13),Main
Lec,False,5146,EDUC,300,THEORIES OF LEARNING,3,T R,1100 - 1215 pm,Spivy M,1321 (MAIN),14-JAN-13,7,FULL TERM (14-JAN-13 - 10-MAY-13),Main
Alt,False,5855,EDUC,300,THEORIES OF LEARNING,3,W,0700 - 0945 pm,Spivy M,1321 (MAIN),16-JAN-13 <br> (27-FEB-13) <br> (10-APR-13) <br> (08-MAY-13),3,FULL TERM (14-JAN-13 - 10-MAY-13),Main
Lec,False,5149,EDUC,315,ART STRATEGIES,3,R,0600 - 0845 pm,Cox S,2305 (MAIN),14-JAN-13,-1,FULL TERM (14-JAN-13 - 10-MAY-13),Main
Lec,False,5150,EDUC,316,MUSIC STRATEGIES,3,T,0700 - 0945 pm,Fling M,NEAL (OFFCAM),14-JAN-13,3,FULL TERM (14-JAN-13 - 10-MAY-13),Off-Campus Site
Lec,False,5151,EDUC,320,EDUCATIONAL ASSESSMENT,3,M W,1230 - 0145 pm,Spivy M,1321 (MAIN),14-JAN-13,0,FULL TERM (14-JAN-13 - 10-MAY-13),Main
Lec,False,5153,EDUC,330,CLASSROOM MANAGEMENT,3,T R,1230 - 0145 pm,Lancaster D,1321 (MAIN),14-JAN-13,-2,FULL TERM (14-JAN-13 - 10-MAY-13),Main
Lab,False,5154,EDUC,330L,CLASSROOM MANAGEMENT PRACTICUM,0,F,0730 - 1045 am,Lancaster D,1321 (MAIN),14-JAN-13,-2,FULL TERM (14-JAN-13 - 10-MAY-13),Off-Campus Site
Lec,False,5155,EDUC,401,EARLY CHILD & MID SCHOL CURRIC,3,T,0800 - 1045 am,Lancaster D,1321 (MAIN),14-JAN-13,11,FULL TERM (14-JAN-13 - 10-MAY-13),Main
Fie,False,5156,EDUC,401L,CURRICULUM PRACTICUM,0,R,0800 - 1045 am,Lancaster D,1321 (MAIN),14-JAN-13,11,FULL TERM (14-JAN-13 - 10-MAY-13),Off-Campus Site
Stu,False,5157,EDUC,403,STUDENT TEACHING- EARLY EDUC,5,M T W R F,0800 - 0400 pm,Wolfe A,,14-JAN-13,-1,FULL TERM (14-JAN-13 - 10-MAY-13),Off-Campus Site
Stu,False,5867,EDUC,403,STUDENT TEACHING- EARLY EDUC,5,M T W R F,0800 - 0400 pm,Shook K,,14-JAN-13,3,FULL TERM (14-JAN-13 - 10-MAY-13),Off-Campus Site
Stu,False,5883,EDUC,403,STUDENT TEACHING- EARLY EDUC,5,M T W R F,0800 - 0400 pm,Wolfe A,,14-JAN-13,1,FULL TERM (14-JAN-13 - 10-MAY-13),Off-Campus Site
Stu,False,5158,EDUC,404,STUDENT TEACHING K-3,5,M T W R F,0800 - 0400 pm,Keaton L,,14-JAN-13,20,FULL TERM (14-JAN-13 - 10-MAY-13),Off-Campus Site
Stu,False,5865,EDUC,404,STUDENT TEACHING K-3,5,M T W R F,0800 - 0400 pm,Gissy C,,14-JAN-13,3,FULL TERM (14-JAN-13 - 10-MAY-13),Off-Campus Site
Stu,False,5866,EDUC,404,STUDENT TEACHING K-3,5,M T W R F,0800 - 0400 pm,Stull R,,14-JAN-13,4,FULL TERM (14-JAN-13 - 10-MAY-13),Off-Campus Site
Stu,False,5868,EDUC,404,STUDENT TEACHING K-3,5,M T W R F,0800 - 0400 pm,Noland J,,14-JAN-13,3,FULL TERM (14-JAN-13 - 10-MAY-13),Off-Campus Site
Stu,False,5159,EDUC,405,STU TEACHING - SCIENCE 5-9,5,M T W R F,0800 - 0400 pm,Adair B,,14-JAN-13,0,FULL TERM (14-JAN-13 - 10-MAY-13),Off-Campus Site
Stu,False,5160,EDUC,406,STUDENT TEACHING IN MATH 5-9,5,M T W R F,0800 - 0400 pm,Adair B,,14-JAN-13,0,FULL TERM (14-JAN-13 - 10-MAY-13),Off-Campus Site
Stu,False,5882,EDUC,406,STUDENT TEACHING IN MATH 5-9,5,M T W R F,0800 - 0400 pm,Gissy C,,14-JAN-13,5,FULL TERM (14-JAN-13 - 10-MAY-13),Off-Campus Site
Stu,False,5161,EDUC,408,STUDENT TEACHING 4-6,5,M T W R F,0800 - 0400 pm,Keaton L,,14-JAN-13,22,FULL TERM (14-JAN-13 - 10-MAY-13),Off-Campus Site
Stu,False,5861,EDUC,408,STUDENT TEACHING 4-6,5,M T W R F,0800 - 0400 pm,Stull R,,14-JAN-13,4,FULL TERM (14-JAN-13 - 10-MAY-13),Off-Campus Site
Stu,False,5862,EDUC,408,STUDENT TEACHING 4-6,5,M T W R F,0800 - 0400 pm,Noland J,,14-JAN-13,3,FULL TERM (14-JAN-13 - 10-MAY-13),Off-Campus Site
Stu,False,5863,EDUC,408,STUDENT TEACHING 4-6,5,M T W R F,0800 - 0400 pm,Shook K,,14-JAN-13,4,FULL TERM (14-JAN-13 - 10-MAY-13),Off-Campus Site
Stu,False,5864,EDUC,408,STUDENT TEACHING 4-6,5,M T W R F,0800 - 0400 pm,Gissy C,,14-JAN-13,2,FULL TERM (14-JAN-13 - 10-MAY-13),Off-Campus Site
Stu,False,5162,EDUC,409,STU TCHNG SOC STUDIES 5-9,5,M T W R F,0800 - 0400 pm,Boso G,,14-JAN-13,-1,FULL TERM (14-JAN-13 - 10-MAY-13),Off-Campus Site
Stu,False,5879,EDUC,409,STU TCHNG SOC STUDIES 5-9,5,M T W R F,0800 - 0400 pm,Keaton L,,14-JAN-13,4,FULL TERM (14-JAN-13 - 10-MAY-13),Off-Campus Site
Sem,False,5164,EDUC,410,STUDENT TEACHING SEMINAR,2,W,0430 - 0630 pm,Spivy M,1321 (MAIN),14-JAN-13,10,FULL TERM (14-JAN-13 - 10-MAY-13),Main
Stu,False,5163,EDUC,411,STUDENT TEACHING MATH K-4,5,M T W R F,0800 - 0400 pm,Gissy C,,14-JAN-13,2,FULL TERM (14-JAN-13 - 10-MAY-13),Off-Campus Site
Lec,False,5706,ELEC,101,ELECTRICAL & ELECTRONIC FUND,2,F,0830 - 1015 am,Thompson D,C211 (CAPC),14-JAN-13,0,FULL TERM (14-JAN-13 - 10-MAY-13),Main
Lab,False,5710,ELEC,101L,ELECTRICAL&ELECTRONIC FUND LAB,1,F,1030 - 1215 pm,Thompson D,C211 (CAPC),14-JAN-13,0,FULL TERM (14-JAN-13 - 10-MAY-13),Main
,False,5768,ELEC,103,ELECTRICAL & INSTRUMENTATION 2,3,M T W R F,0130 - 0300 pm,Richards R,C121 (CAPC),22-JAN-13,14,LATE SEMESTER (High School) (22-JAN-13 - 10-MAY-13),High School Campus
,False,5767,ELEC,116,RES/COMM ELECTRICAL 2,3,M T W R F,1200 - 0129 pm,Richards R,C121 (CAPC),22-JAN-13,14,LATE SEMESTER (High School) (22-JAN-13 - 10-MAY-13),High School Campus
Lec,False,5818,ELEC,118,RES/COMM ELECTRICAL 4,4,M W,0600 - 0900 pm,Caplinger Jr R,C119 (CAPC),14-JAN-13,6,FULL TERM (14-JAN-13 - 10-MAY-13),Main
Lec,False,5702,ELEC,124,ANALOG CIRCUITS,3,R,0830 - 1115 am,Thompson D,C211 (CAPC),14-JAN-13,8,FULL TERM (14-JAN-13 - 10-MAY-13),Main
Ble,False,5786,ELEC,202,ELECTRICAL & INSTRUMENTATION 4,3,M W,0830 - 1130 am,Rowley G,002 (ATC),14-JAN-13,0,FIRST FIVE WEEKS (14-JAN-13 - 15-FEB-13),Online or Blended
Ble,False,5787,ELEC,202,ELECTRICAL & INSTRUMENTATION 4,3,T R,0830 - 1130 am,Rowley G,002 (ATC),14-JAN-13,1,FIRST FIVE WEEKS (14-JAN-13 - 15-FEB-13),Online or Blended
Ble,False,5789,ELEC,203,ELECTRICAL & INSTRUMENTATION 5,3,M W,0830 - 1130 am,Rowley G,002 (ATC),18-FEB-13,0,SECOND FIVE WEEKS (18-FEB-13 - 22-MAR-13),Online or Blended
Ble,False,5791,ELEC,203,ELECTRICAL & INSTRUMENTATION 5,3,T R,0830 - 1130 am,Rowley G,002 (ATC),18-FEB-13,1,SECOND FIVE WEEKS (18-FEB-13 - 22-MAR-13),Online or Blended
Ble,False,5794,ELEC,204,ELECTRICAL & INSTRUMENTATION 6,3,M W,0830 - 1130 am,Rowley G,002 (ATC),01-APR-13,0,THIRD FIVE WEEKS (01-APR-13 - 03-MAY-13),Online or Blended
Ble,False,5795,ELEC,204,ELECTRICAL & INSTRUMENTATION 6,3,T R,0830 - 1130 am,Rowley G,002 (ATC),01-APR-13,1,THIRD FIVE WEEKS (01-APR-13 - 03-MAY-13),Online or Blended
Lec,False,5822,ELEC,224,ELECTRONICS CAPSTONE,1,M,0335 - 0420 pm,Rowley G,002 (ATC),14-JAN-13,14,FULL TERM (14-JAN-13 - 10-MAY-13),Main
Lab,False,5844,ELEC,260,E&I CAPSTONE,1,M,0335 - 0420 pm,Rowley G,002 (ATC),14-JAN-13,14,FULL TERM (14-JAN-13 - 10-MAY-13),Main
Lab,False,5845,ELEC,260,E&I CAPSTONE,1,T,0335 - 0420 pm,Rowley G,002 (ATC),14-JAN-13,13,FULL TERM (14-JAN-13 - 10-MAY-13),Main
Alt,False,5837,ELEC,297,ST: SERVICE LEARNING,4,F,0600 - 0700 pm,Caplinger Jr R,C119 (CAPC),14-JAN-13,8,FULL TERM (14-JAN-13 - 10-MAY-13),Main
Lec,False,5704,ELEC,324,ADVANCED ANALOG CIRCUITS,3,R,0830 - 1115 am,Thompson D,C211 (CAPC),14-JAN-13,8,FULL TERM (14-JAN-13 - 10-MAY-13),Main
,False,5772,ERES,130,EMERG RESPONSE TO TERRORISM,3,M T W R F,0800 - 0929 am,Reynolds J,C117 (CAPC),22-JAN-13,13,LATE SEMESTER (High School) (22-JAN-13 - 10-MAY-13),High School Campus
Lec,False,5345,EAMT,107,ENERGY TECHNOLOGY,3,M W,0900 - 1030 am,Thompson G,C125 (CAPC),14-JAN-13,9,FULL TERM (14-JAN-13 - 10-MAY-13),Main
Lec,False,5344,EAMT,108,BUILDING SCIENCE,3,T R,0930 - 1100 am,Williams D,C125 (CAPC),14-JAN-13,2,FULL TERM (14-JAN-13 - 10-MAY-13),Main
Lec,False,5346,EAMT,128,WEATHERIZATION,3,T,1200 - 0330 pm,Thompson G,C125 (CAPC),14-JAN-13,6,FULL TERM (14-JAN-13 - 10-MAY-13),Main
Lec,False,5437,EAMT,228,COMMERCIAL ENERGY AUDIT,3,M,1230 - 0300 pm,Rabatin C,C125 (CAPC),14-JAN-13,15,FULL TERM (14-JAN-13 - 10-MAY-13),Main
Lec,False,5354,EAMT,260,EAMT CERTIFICATE CAPSTONE,1,F,1000 - 1100 am,Thompson G,C125 (CAPC),14-JAN-13,6,FULL TERM (14-JAN-13 - 10-MAY-13),Main
Lec,False,5352,EAMT,280,EAMT ASSOCIATE CAPSTONE,1,F,1000 - 1100 am,Thompson G,C125 (CAPC),14-JAN-13,6,FULL TERM (14-JAN-13 - 10-MAY-13),Main
Lec,False,5948,ENGL,049,BASIC WRITING,3,,TBA,Huddleston C,,14-JAN-13,9,FULL TERM (14-JAN-13 - 10-MAY-13),Main
Lec,False,5696,ENGL,091,PRE-COLLEGE WRITING,3,M W,0930 - 1045 am,Kolankiewicz S,2320 (MAIN),14-JAN-13,3,FULL TERM (14-JAN-13 - 10-MAY-13),Main
Lec,False,5697,ENGL,091,PRE-COLLEGE WRITING,3,M W,1230 - 0145 pm,Havely R,C201 (CAPC),14-JAN-13,1,FULL TERM (14-JAN-13 - 10-MAY-13),Main
Lec,False,5698,ENGL,091,PRE-COLLEGE WRITING,3,T R,0930 - 1045 am,Coberly S,2214 (MAIN),14-JAN-13,6,FULL TERM (14-JAN-13 - 10-MAY-13),Main
Lec,False,5701,ENGL,091,PRE-COLLEGE WRITING,3,T R,1100 - 1215 pm,Lemanski L,C201 (CAPC),14-JAN-13,3,FULL TERM (14-JAN-13 - 10-MAY-13),Main
Lec,False,5703,ENGL,091,PRE-COLLEGE WRITING,3,T R,1230 - 0145 pm,Lemanski L,C201 (CAPC),14-JAN-13,2,FULL TERM (14-JAN-13 - 10-MAY-13),Main
Lec,False,5705,ENGL,091,PRE-COLLEGE WRITING,3,R,0400 - 0645 pm,Hicks Z,0415 (MAIN),14-JAN-13,2,FULL TERM (14-JAN-13 - 10-MAY-13),Main
Lec,False,5707,ENGL,091,PRE-COLLEGE WRITING,3,R,0700 - 0945 pm,Hicks Z,0415 (MAIN),14-JAN-13,6,FULL TERM (14-JAN-13 - 10-MAY-13),Main
Lec,False,5713,ENGL,091,PRE-COLLEGE WRITING,3,T R,0930 - 1215 pm,Kolankiewicz S,,11-MAR-13,16,SECOND HALF TERM (11-MAR-13 - 10-MAY-13),Main
Lec,False,5714,ENGL,091,PRE-COLLEGE WRITING,3,M W,0400 - 0645 pm,Allen C,,11-MAR-13,10,SECOND HALF TERM (11-MAR-13 - 10-MAY-13),Main
Lec,False,5173,ENGL,101,COMPOSITION 1,3,T R,0800 - 0915 am,Weber M,2203 (MAIN),14-JAN-13,0,FULL TERM (14-JAN-13 - 10-MAY-13),Main
Lec,False,5176,ENGL,101,COMPOSITION 1,3,M W,0930 - 1045 am,Berdine M,0102A (MAIN),14-JAN-13,3,FULL TERM (14-JAN-13 - 10-MAY-13),Main
Lec,False,5179,ENGL,101,COMPOSITION 1,3,T R,0930 - 1045 am,Nanney N,2203 (MAIN),14-JAN-13,3,FULL TERM (14-JAN-13 - 10-MAY-13),Main
Lec,False,5182,ENGL,101,COMPOSITION 1,3,T R,1100 - 1215 pm,Berdine M,1314 (MAIN),14-JAN-13,5,FULL TERM (14-JAN-13 - 10-MAY-13),Main
Lec,False,5187,ENGL,101,COMPOSITION 1,3,M W,1230 - 0145 pm,Coberly S,2203 (MAIN),14-JAN-13,6,FULL TERM (14-JAN-13 - 10-MAY-13),Main
Lec,False,5190,ENGL,101,COMPOSITION 1,3,T R,1230 - 0145 pm,Bruce M,2203 (MAIN),14-JAN-13,1,FULL TERM (14-JAN-13 - 10-MAY-13),Main
Lec,False,5200,ENGL,101,COMPOSITION 1,3,M,0400 - 0645 pm,Gaston P,0102A (MAIN),14-JAN-13,-1,FULL TERM (14-JAN-13 - 10-MAY-13),Main
E-C,False,5208,ENGL,101,COMPOSITION 1,3,,*,Hoff R,,14-JAN-13,5,FULL TERM (14-JAN-13 - 10-MAY-13),Online or Blended
E-C,False,5209,ENGL,101,COMPOSITION 1,3,,*,Stover J,,14-JAN-13,3,FULL TERM (14-JAN-13 - 10-MAY-13),Online or Blended
E-C,False,5210,ENGL,101,COMPOSITION 1,3,,*,Stover J,,14-JAN-13,2,FULL TERM (14-JAN-13 - 10-MAY-13),Online or Blended
E-C,False,5211,ENGL,101,COMPOSITION 1,3,,*,Ramsey M,,14-JAN-13,13,FULL TERM (14-JAN-13 - 10-MAY-13),Online or Blended
E-C,False,5212,ENGL,101,COMPOSITION 1,3,,*,Ramsey M,,14-JAN-13,13,FULL TERM (14-JAN-13 - 10-MAY-13),Online or Blended
Lec,False,5902,ENGL,101,COMPOSITION 1,3,T R,1100 - 1215 pm,Gaston P,0102A (MAIN),14-JAN-13,10,FULL TERM (14-JAN-13 - 10-MAY-13),Main
Lec,False,5903,ENGL,101,COMPOSITION 1,3,T R,1230 - 0145 pm,Hoff R,0415 (MAIN),14-JAN-13,12,FULL TERM (14-JAN-13 - 10-MAY-13),Main
E-C,False,5213,ENGL,101,COMPOSITION 1,3,,*,Ramsey M,,04-FEB-13,9,LATE SESSION (04-FEB-13 - 10-MAY-13),Online or Blended
Lec,False,5223,ENGL,101,COMPOSITION 1,3,M W,0700 - 0845 pm,Halbleib J,0415 (MAIN),04-FEB-13,14,LATE SESSION (04-FEB-13 - 10-MAY-13),Main
Lec,False,5788,ENGL,101,COMPOSITION 1,3,M W,0814 - 0929 am,St Clair J,C225 (CAPC),22-JAN-13,8,LATE SEMESTER (High School) (22-JAN-13 - 10-MAY-13),High School Campus
Lec,False,5172,ENGL,102,COMPOSITION 2,3,M W,0800 - 0915 am,Berdine M,1326 (MAIN),14-JAN-13,4,FULL TERM (14-JAN-13 - 10-MAY-13),Main
Lec,False,5175,ENGL,102,COMPOSITION 2,3,F,0800 - 1045 am,St Clair J,2203 (MAIN),14-JAN-13,2,FULL TERM (14-JAN-13 - 10-MAY-13),Main
Lec,False,5177,ENGL,102,COMPOSITION 2,3,M W,0930 - 1045 am,Nanney N,2203 (MAIN),14-JAN-13,2,FULL TERM (14-JAN-13 - 10-MAY-13),Main
Lec,False,5183,ENGL,102,COMPOSITION 2,3,T R,1100 - 1215 pm,Coberly S,2203 (MAIN),14-JAN-13,4,FULL TERM (14-JAN-13 - 10-MAY-13),Main
Lec,False,5188,ENGL,102,COMPOSITION 2,3,M W,1230 - 0145 pm,Phillips R,0415 (MAIN),14-JAN-13,1,FULL TERM (14-JAN-13 - 10-MAY-13),Main
Lec,False,5202,ENGL,102,COMPOSITION 2,3,W,0400 - 0645 pm,Nanney N,2203 (MAIN),14-JAN-13,2,FULL TERM (14-JAN-13 - 10-MAY-13),Main
Lec,False,5207,ENGL,102,COMPOSITION 2,3,W,0700 - 0945 pm,Yoak R,0102A (MAIN),14-JAN-13,4,FULL TERM (14-JAN-13 - 10-MAY-13),Main
E-C,False,5214,ENGL,102,COMPOSITION 2,3,,*,Luter S,,14-JAN-13,2,FULL TERM (14-JAN-13 - 10-MAY-13),Online or Blended
E-C,False,5215,ENGL,102,COMPOSITION 2,3,,*,Luter S,,14-JAN-13,0,FULL TERM (14-JAN-13 - 10-MAY-13),Online or Blended
E-C,False,5216,ENGL,102,COMPOSITION 2,3,,*,Luter S,,14-JAN-13,0,FULL TERM (14-JAN-13 - 10-MAY-13),Online or Blended
Lec,False,5224,ENGL,102,COMPOSITION 2,3,T,0700 - 0945 pm,Yoak R,0102A (MAIN),14-JAN-13,4,FULL TERM (14-JAN-13 - 10-MAY-13),Main
Lec,False,5793,ENGL,102,COMPOSITION 2,3,M W F,1150 - 1235 pm,Bruce M,WIRT (OFFCAM),14-JAN-13,4,FULL TERM (14-JAN-13 - 10-MAY-13),High School Campus
Lec,False,5874,ENGL,102,COMPOSITION 2,3,M W,0930 - 1045 am,Coberly S,0415 (MAIN),14-JAN-13,11,FULL TERM (14-JAN-13 - 10-MAY-13),Main
Lec,False,5790,ENGL,102,COMPOSITION 2,3,M T W R F,TBA,Goff R,RITCH (OFFCAM),22-JAN-13,1,LATE SEMESTER (High School) (22-JAN-13 - 10-MAY-13),High School Campus
Lec,False,5198,ENGL,107,TECHNICAL WRITING,3,T R,0200 - 0315 pm,Hoff R,0415 (MAIN),14-JAN-13,1,FULL TERM (14-JAN-13 - 10-MAY-13),Main
E-C,False,5217,ENGL,107,TECHNICAL WRITING,3,,*,Hoff R,,14-JAN-13,6,FULL TERM (14-JAN-13 - 10-MAY-13),Online or Blended
Lec,False,5180,ENGL,131,TYPES OF LITERATURE 1,3,T R,0930 - 1045 am,Berdine M,1330 (MAIN),14-JAN-13,3,FULL TERM (14-JAN-13 - 10-MAY-13),Main
Lec,False,5192,ENGL,131,TYPES OF LITERATURE 1,3,T R,1230 - 0145 pm,Nanney N,2320 (MAIN),14-JAN-13,9,FULL TERM (14-JAN-13 - 10-MAY-13),Main
Lec,False,5201,ENGL,131,TYPES OF LITERATURE 1,3,M,0400 - 0645 pm,Coberly S,2320 (MAIN),14-JAN-13,14,FULL TERM (14-JAN-13 - 10-MAY-13),Main
E-C,False,5218,ENGL,132,TYPES OF LITERATURE 2,3,,*,Nanney N,,14-JAN-13,-3,FULL TERM (14-JAN-13 - 10-MAY-13),Online or Blended
E-C,False,5219,ENGL,132,TYPES OF LITERATURE 2,3,,*,Nanney N,,14-JAN-13,-3,FULL TERM (14-JAN-13 - 10-MAY-13),Online or Blended
Lec,False,5184,ENGL,213,CREATIVE WRITING: POETRY,3,T R,1100 - 1215 pm,Havely R,1318 (MAIN),14-JAN-13,18,FULL TERM (14-JAN-13 - 10-MAY-13),Main
Lec,False,5194,ENGL,222,WORLD LITERATURE 2,3,M W,0200 - 0315 pm,Gaston P,0102A (MAIN),14-JAN-13,5,FULL TERM (14-JAN-13 - 10-MAY-13),Main
Alt,False,5203,ENGL,241,AMERICAN LITERATURE 1,3,W,0400 - 0645 pm,Phillips R,0102A (MAIN),16-JAN-13 <br> (13-FEB-13) <br> (06-MAR-13) <br> (03-APR-13) <br> (01-MAY-13),4,FULL TERM (14-JAN-13 - 10-MAY-13),Main
Lec,False,5189,ENGL,242,AMERICAN LITERATURE 2,3,M W,1230 - 0145 pm,Berdine M,2539 (MAIN),14-JAN-13,12,FULL TERM (14-JAN-13 - 10-MAY-13),Main
E-C,False,5220,ENGL,261,ENGLISH LITERATURE 1,3,,*,Phillips R,,14-JAN-13,1,FULL TERM (14-JAN-13 - 10-MAY-13),Online or Blended
Lec,False,5199,ENGL,325,SHAKESPEARE,3,T R,0200 - 0315 pm,Gaston P,0102A (MAIN),14-JAN-13,3,FULL TERM (14-JAN-13 - 10-MAY-13),Main
Lec,False,5181,ENGL,403,CHILDREN'S LITERATURE,3,T R,0930 - 1045 am,Weber M,1329 (MAIN),14-JAN-13,-1,FULL TERM (14-JAN-13 - 10-MAY-13),Main
E-C,False,5221,ENGL,403,CHILDREN'S LITERATURE,3,,*,Chapman T,,14-JAN-13,2,FULL TERM (14-JAN-13 - 10-MAY-13),Online or Blended
E-C,False,5222,ENGL,404,ADOLESCENT LITERATURE,3,,*,Chapman T,,14-JAN-13,1,FULL TERM (14-JAN-13 - 10-MAY-13),Online or Blended
E-C,False,5610,ENT,207,FINANCING AND INFORMATION,3,,*,Sarkarat S,,14-JAN-13,1,FIRST HALF TERM (14-JAN-13 - 08-MAR-13),Online or Blended
E-C,False,5611,ENT,208,NEW VENTURE ACCOUNTING,3,,*,Smith S,,11-MAR-13,-2,SECOND HALF TERM (11-MAR-13 - 10-MAY-13),Online or Blended
E-C,False,5797,ENVR,102,BASIC ENVIRONMENTAL SCIENCE,3,,*,Sites A,,14-JAN-13,-3,FULL TERM (14-JAN-13 - 10-MAY-13),Online or Blended
E-C,False,5900,ENVR,102,BASIC ENVIRONMENTAL SCIENCE,3,,*,Thacker A,,04-FEB-13,-1,LATE SESSION (04-FEB-13 - 10-MAY-13),Online or Blended
E-C,False,5798,ENVR,310,TOPICS IN ENVIRONMENTAL SCI,3,,*,Sites A,,14-JAN-13,-8,FULL TERM (14-JAN-13 - 10-MAY-13),Online or Blended
E-C,False,5524,FIN,237,QUALITY CUSTOMER SERVICE,1,,*,Brown W,,14-JAN-13,7,FIRST FIVE WEEKS (14-JAN-13 - 15-FEB-13),Online or Blended
Ble,False,5599,FIN,340,PRIN OF BUSINESS FINANCE,3,T R,1100 - 1215 pm,Smith S,2215 (MAIN),14-JAN-13,1,FULL TERM (14-JAN-13 - 10-MAY-13),Online or Blended
Lec,False,5607,FIN,356,FUNDAMENTALS OF INVESTING,3,W,0400 - 0645 pm,DePergola J,2215 (MAIN),14-JAN-13,4,FULL TERM (14-JAN-13 - 10-MAY-13),Main
Lec,False,5065,FREN,101,ELEMENTARY FRENCH 1,3,M W,0200 - 0315 pm,Oldaker R,2317 (MAIN),14-JAN-13,10,FULL TERM (14-JAN-13 - 10-MAY-13),Main
Lec,False,5066,FREN,102,ELEMENTARY FRENCH 2,3,M W,0200 - 0315 pm,Oldaker R,2317 (MAIN),14-JAN-13,10,FULL TERM (14-JAN-13 - 10-MAY-13),Main
Lec,False,5061,GERM,101,ELEMENTARY GERMAN 1,3,T R,1230 - 0145 pm,Oldaker R,2317 (MAIN),14-JAN-13,10,FULL TERM (14-JAN-13 - 10-MAY-13),Main
Lec,False,5062,GERM,102,ELEMENTARY GERMAN 2,3,T R,1230 - 0145 pm,Oldaker R,2317 (MAIN),14-JAN-13,10,FULL TERM (14-JAN-13 - 10-MAY-13),Main
Lec,False,5063,JAPN,101,ELEMENTARY JAPANESE 1,3,T R,0200 - 0315 pm,Oldaker R,2317 (MAIN),14-JAN-13,12,FULL TERM (14-JAN-13 - 10-MAY-13),Main
Lec,False,5064,JAPN,102,ELEMENTARY JAPANESE 2,3,T R,0200 - 0315 pm,Oldaker R,2317 (MAIN),14-JAN-13,12,FULL TERM (14-JAN-13 - 10-MAY-13),Main
Lec,False,5830,SPAN,102,ELEMENTARY SPANISH 2,3,T R,1100 - 1215 pm,Nutter M,2204 (MAIN),14-JAN-13,15,FULL TERM (14-JAN-13 - 10-MAY-13),Main
Lec,False,5059,SPAN,103,SPANISH FOR FIRST RESPONDERS,3,M W,1230 - 0145 pm,Oldaker R,2317 (MAIN),14-JAN-13,11,FULL TERM (14-JAN-13 - 10-MAY-13),Main
Lec,False,5060,SPAN,103,SPANISH FOR FIRST RESPONDERS,3,T R,0400 - 0515 pm,Oldaker R,2317 (MAIN),14-JAN-13,13,FULL TERM (14-JAN-13 - 10-MAY-13),Main
E-C,False,5535,GBUS,101,INTRO TO BUSINESS,3,,*,Baker D,,14-JAN-13,4,FULL TERM (14-JAN-13 - 10-MAY-13),Online or Blended
E-C,False,5536,GBUS,101,INTRO TO BUSINESS,3,,*,Baker D,,14-JAN-13,-1,FULL TERM (14-JAN-13 - 10-MAY-13),Online or Blended
E-C,False,5537,GBUS,101,INTRO TO BUSINESS,3,,*,Baker D,,14-JAN-13,-1,FULL TERM (14-JAN-13 - 10-MAY-13),Online or Blended
Lec,False,5540,GBUS,101,INTRO TO BUSINESS,3,T R,0930 - 1045 am,Wooten T,1326 (MAIN),14-JAN-13,-2,FULL TERM (14-JAN-13 - 10-MAY-13),Main
Lec,False,5542,GBUS,101,INTRO TO BUSINESS,3,M W,1230 - 0145 pm,Wooten T,2215 (MAIN),14-JAN-13,3,FULL TERM (14-JAN-13 - 10-MAY-13),Main
Lec,False,5621,GBUS,101,INTRO TO BUSINESS,3,R,0700 - 0945 pm,Holt S,1330 (MAIN),14-JAN-13,6,FULL TERM (14-JAN-13 - 10-MAY-13),Main
E-C,False,5612,GBUS,117,BUSINESS MATHEMATICS,3,,*,Davis W,,14-JAN-13,1,FULL TERM (14-JAN-13 - 10-MAY-13),Online or Blended
E-C,False,5613,GBUS,117,BUSINESS MATHEMATICS,3,,*,Davis W,,14-JAN-13,1,FULL TERM (14-JAN-13 - 10-MAY-13),Online or Blended
Lec,False,5614,GBUS,117,BUSINESS MATHEMATICS,3,T R,1100 - 1215 pm,Davis W,2539 (MAIN),14-JAN-13,9,FULL TERM (14-JAN-13 - 10-MAY-13),Main
Lec,False,5487,GBUS,202,BUSINESS COMMUNICATION,3,M W,0930 - 1045 am,Holland J,1330 (MAIN),14-JAN-13,1,FULL TERM (14-JAN-13 - 10-MAY-13),Main
Lec,False,5502,GBUS,202,BUSINESS COMMUNICATION,3,M,0700 - 0945 pm,Holland J,1330 (MAIN),14-JAN-13,1,FULL TERM (14-JAN-13 - 10-MAY-13),Main
E-C,False,5523,GBUS,202,BUSINESS COMMUNICATION,3,,*,Davis S,,14-JAN-13,-3,FULL TERM (14-JAN-13 - 10-MAY-13),Online or Blended
E-C,False,5949,GBUS,220,PORTFOLIO DEVELOPMENT,3,,*,Ambrozy R,,14-JAN-13,14,FULL TERM (14-JAN-13 - 10-MAY-13),Online or Blended
E-C,False,5528,GBUS,300,PRIN MGMT INFORMATION SYSTEMS,3,,*,Shah V,,14-JAN-13,5,FULL TERM (14-JAN-13 - 10-MAY-13),Online or Blended
E-C,False,5529,GBUS,300,PRIN MGMT INFORMATION SYSTEMS,3,,*,Shah V,,14-JAN-13,6,FULL TERM (14-JAN-13 - 10-MAY-13),Online or Blended
E-C,False,5519,GBUS,304,ADVANCED EXCEL,3,,*,Thomas C,,14-JAN-13,1,FULL TERM (14-JAN-13 - 10-MAY-13),Online or Blended
E-C,False,5520,GBUS,304,ADVANCED EXCEL,3,,*,Thomas C,,14-JAN-13,4,FULL TERM (14-JAN-13 - 10-MAY-13),Online or Blended
E-C,False,5560,GBUS,304,ADVANCED EXCEL,3,,*,Schaupp U,,14-JAN-13,3,FULL TERM (14-JAN-13 - 10-MAY-13),Online or Blended
E-C,False,5562,GBUS,306,ADVANCED ACCESS,3,,*,Schaupp U,,14-JAN-13,2,FULL TERM (14-JAN-13 - 10-MAY-13),Online or Blended
Lec,False,5622,GBUS,310,BUSINESS LAW 1,3,T R,0200 - 0315 pm,Mathis-Stump R,2215 (MAIN),14-JAN-13,-2,FULL TERM (14-JAN-13 - 10-MAY-13),Main
Lec,False,5623,GBUS,310,BUSINESS LAW 1,3,T,0400 - 0645 pm,Mathis-Stump R,2215 (MAIN),14-JAN-13,-3,FULL TERM (14-JAN-13 - 10-MAY-13),Main
E-C,False,5525,GBUS,322,BUS ETHIC & SOC RESPONSIBILITY,1,,*,Brown W,,14-JAN-13,1,FIRST FIVE WEEKS (14-JAN-13 - 15-FEB-13),Online or Blended
E-C,False,5526,GBUS,324,BUSINESS ANALYSIS,1,,*,Brown W,,18-FEB-13,2,SECOND FIVE WEEKS (18-FEB-13 - 22-MAR-13),Online or Blended
Ble,False,5733,GBUS,325,QUANTITATIVE BUSINESS ANALYSIS,3,T,0400 - 0645 pm,Shah V,1330 (MAIN),14-JAN-13,12,FULL TERM (14-JAN-13 - 10-MAY-13),Main
E-C,False,5527,GBUS,326,OSHA IN THE WORKPLACE,1,,*,Brown W,,18-FEB-13,2,SECOND FIVE WEEKS (18-FEB-13 - 22-MAR-13),Online or Blended
Alt,False,5640,GBUS,370,PRINCIPLES OF PURCHASING,3,R,0400 - 0515 pm,Riley D,2539 (MAIN),17-JAN-13 <br> (21-MAR-13) <br> (02-MAY-13),9,FULL TERM (14-JAN-13 - 10-MAY-13),Main
Lec,False,5616,GBUS,371,BUSINESS LOGISTICS,3,T R,0200 - 0315 pm,Riley D,2539 (MAIN),14-JAN-13,15,FULL TERM (14-JAN-13 - 10-MAY-13),Main
Lec,False,5615,GBUS,405,GLOBAL BUSINESS,3,R,0400 - 0645 pm,Wooten T,1326 (MAIN),14-JAN-13,-1,FULL TERM (14-JAN-13 - 10-MAY-13),Main
Lec,False,5618,GBUS,412,BUSINESS LAW 2,3,T,0700 - 0945 pm,Crumbaker C,1326 (MAIN),14-JAN-13,9,FULL TERM (14-JAN-13 - 10-MAY-13),Main
Alt,False,5881,GBUS,420,PORTFOLIO DEVELOPMENT SEMINAR,3,,TBA,Ambrozy R,,14-JAN-13,14,FULL TERM (14-JAN-13 - 10-MAY-13),Online or Blended
Ble,False,5602,GBUS,440,BUSINESS POLICY,4,M,0200 - 0315 pm,Braden P,1330 (MAIN),14-JAN-13,7,FULL TERM (14-JAN-13 - 10-MAY-13),Online or Blended
Ble,False,5603,GBUS,440,BUSINESS POLICY,4,M,0530 - 0645 pm,Braden P,1330 (MAIN),14-JAN-13,7,FULL TERM (14-JAN-13 - 10-MAY-13),Online or Blended
E-C,False,5735,GEOG,102,WORLD GEOGRAPHY,3,,*,Post III V,,14-JAN-13,0,FULL TERM (14-JAN-13 - 10-MAY-13),Online or Blended
Lec,False,5888,GEOG,102,WORLD GEOGRAPHY,3,M T W R F,0930 - 1100 am,Haught R,RITCH (OFFCAM),22-JAN-13,5,LATE SEMESTER (High School) (22-JAN-13 - 10-MAY-13),High School Campus
E-C,False,5736,GEOG,240,NORTH AMERICAN GEOGRAPHY,3,,*,Post III V,,14-JAN-13,3,FULL TERM (14-JAN-13 - 10-MAY-13),Online or Blended
Lec,False,5455,GEOL,103,HISTORICAL GEOLOGY,3,M W,0330 - 0445 pm,Crisp E,3336 (MAIN),14-JAN-13,14,FULL TERM (14-JAN-13 - 10-MAY-13),Main
Lab,False,5457,GEOL,104,HISTORICAL GEOLOGY LAB,1,T,0330 - 0525 pm,Crisp E,3336 (MAIN),14-JAN-13,14,FULL TERM (14-JAN-13 - 10-MAY-13),Main
Lec,False,5831,HPER,125,SHAO-LIN KUNG FU,1,T R,1000 - 1050 am,Bortell M,1535 (MAIN),14-JAN-13,6,FULL TERM (14-JAN-13 - 10-MAY-13),Main
Lec,False,5090,HPER,136,BEGINNING YOGA,1,M W,0300 - 0350 pm,Santer P,1535 (MAIN),14-JAN-13,1,FULL TERM (14-JAN-13 - 10-MAY-13),Main
Lec,False,5091,HPER,145,AEROBIC ACTIVITIES,1,T R,1230 - 0120 pm,Santer P,1535 (MAIN),14-JAN-13,1,FULL TERM (14-JAN-13 - 10-MAY-13),Main
Lec,False,5084,HPER,172,STANDARD FIRST AID,2,M W,0830 - 0920 am,Houser S,2202 (MAIN),14-JAN-13,10,FULL TERM (14-JAN-13 - 10-MAY-13),Main
Lec,False,5085,HPER,172,STANDARD FIRST AID,2,T R,0830 - 0920 am,Houser S,2202 (MAIN),14-JAN-13,21,FULL TERM (14-JAN-13 - 10-MAY-13),Main
Lec,False,5087,HPER,172,STANDARD FIRST AID,2,M,0700 - 0850 pm,Gardner S,2202 (MAIN),14-JAN-13,23,FULL TERM (14-JAN-13 - 10-MAY-13),Main
Lec,False,5086,HPER,172,STANDARD FIRST AID,2,F,0830 - 1150 am,Houser S,2202 (MAIN),11-MAR-13,7,SECOND HALF TERM (11-MAR-13 - 10-MAY-13),Main
E-C,False,5017,HPER,215,PERSONAL & COMMUNITY HEALTH,2,,*,Meyers L,,14-JAN-13,2,FULL TERM (14-JAN-13 - 10-MAY-13),Online or Blended
E-C,False,5018,HPER,215,PERSONAL & COMMUNITY HEALTH,2,,*,Meyers L,,14-JAN-13,2,FULL TERM (14-JAN-13 - 10-MAY-13),Online or Blended
E-C,False,5019,HPER,215,PERSONAL & COMMUNITY HEALTH,2,,*,Meyers L,,14-JAN-13,1,FULL TERM (14-JAN-13 - 10-MAY-13),Online or Blended
Lec,False,5088,HPER,215,PERSONAL & COMMUNITY HEALTH,2,M,0200 - 0340 pm,Gardner S,2202 (MAIN),14-JAN-13,27,FULL TERM (14-JAN-13 - 10-MAY-13),Main
Lec,False,5089,HPER,215,PERSONAL & COMMUNITY HEALTH,2,M,0935 - 1255 pm,Gardner S,C225 (CAPC),11-MAR-13,9,SECOND HALF TERM (11-MAR-13 - 10-MAY-13),Off-Campus Site
Lec,False,5016,HPER,315,INSTR STRATG IN HLTH & PHYS ED,3,T R,1100 - 1215 pm,Meyers L,1329 (MAIN),14-JAN-13,3,FULL TERM (14-JAN-13 - 10-MAY-13),Main
E-C,False,5008,HIST,101,WEST CIV THROUGH REFORMATION,3,,*,Crites A,,14-JAN-13,3,FULL TERM (14-JAN-13 - 10-MAY-13),Online or Blended
E-C,False,5147,HIST,101,WEST CIV THROUGH REFORMATION,3,,*,Crites A,,14-JAN-13,3,FULL TERM (14-JAN-13 - 10-MAY-13),Online or Blended
Lec,False,5044,HIST,102,WESTERN CIV FROM REFORMATION,3,T,0700 - 0945 pm,Hicks Jr T,2209 (MAIN),14-JAN-13,36,FULL TERM (14-JAN-13 - 10-MAY-13),Main
E-C,False,5779,HIST,102,WESTERN CIV FROM REFORMATION,3,,*,Lamb G,,14-JAN-13,4,FULL TERM (14-JAN-13 - 10-MAY-13),Online or Blended
Lec,False,5001,HIST,152,US HIST THROUGH CIVIL WAR,3,M W,0930 - 1045 am,Anderson R,2214 (MAIN),14-JAN-13,21,FULL TERM (14-JAN-13 - 10-MAY-13),Main
Lec,False,5045,HIST,152,US HIST THROUGH CIVIL WAR,3,T R,0800 - 0915 am,Tucker G,2211 (MAIN),14-JAN-13,27,FULL TERM (14-JAN-13 - 10-MAY-13),Main
E-C,False,5004,HIST,152,US HIST THROUGH CIVIL WAR,3,,*,Anderson R,,11-MAR-13,3,SECOND HALF TERM (11-MAR-13 - 10-MAY-13),Online or Blended
E-C,False,5335,HIST,152,US HIST THROUGH CIVIL WAR,3,,*,Anderson R,,04-FEB-13,1,LATE SESSION (04-FEB-13 - 10-MAY-13),Online or Blended
Lec,False,5002,HIST,153,US HIST FROM RECONSTRUCTION,3,M W,1230 - 0145 pm,Anderson R,2211 (MAIN),14-JAN-13,27,FULL TERM (14-JAN-13 - 10-MAY-13),Main
Lec,False,5046,HIST,153,US HIST FROM RECONSTRUCTION,3,M W,0800 - 0915 am,Tucker G,2211 (MAIN),14-JAN-13,28,FULL TERM (14-JAN-13 - 10-MAY-13),Main
E-C,False,5005,HIST,153,US HIST FROM RECONSTRUCTION,3,,*,Anderson R,,14-JAN-13,2,FIRST HALF TERM (14-JAN-13 - 08-MAR-13),Online or Blended
Lec,False,5773,HIST,153,US HIST FROM RECONSTRUCTION,3,M W F,1240 - 0125 pm,Bruce M,WIRT (OFFCAM),22-JAN-13,6,LATE SEMESTER (High School) (22-JAN-13 - 10-MAY-13),High School Campus
Lec,False,5007,HIST,250,WV & APPALACHIAN REGION,3,T R,1100 - 1215 pm,Crites A,1317 (MAIN),14-JAN-13,26,FULL TERM (14-JAN-13 - 10-MAY-13),Main
E-C,False,5014,HIST,250,WV & APPALACHIAN REGION,3,,*,Crites A,,11-MAR-13,7,SECOND HALF TERM (11-MAR-13 - 10-MAY-13),Online or Blended
Lec,False,5003,HIST,302,HISTORY OF AMERICAN INDIANS,3,T R,0930 - 1045 am,Anderson R,2204 (MAIN),14-JAN-13,12,FULL TERM (14-JAN-13 - 10-MAY-13),Main
E-C,False,5799,HIST,310,AFRICAN-AMERICAN HISTORY,3,,*,Bradley F,,14-JAN-13,6,FULL TERM (14-JAN-13 - 10-MAY-13),Online or Blended
Lec,False,5006,HIST,355,ANCIENT GREECE & ROME,3,M W,0400 - 0515 pm,Crites A,1317 (MAIN),14-JAN-13,14,FULL TERM (14-JAN-13 - 10-MAY-13),Main
Lec,False,5342,HVAR,150,HVAC/R 4,3,R,0600 - 1000 pm,Williams D,C115 (CAPC),14-JAN-13,4,FULL TERM (14-JAN-13 - 10-MAY-13),Main
Alt,False,5343,HVAR,260,HVAR CERTIFICATE CAPSTONE,1,W,0500 - 0555 pm,Williams D,C115 (CAPC),14-JAN-13,6,FULL TERM (14-JAN-13 - 10-MAY-13),Main
Ble,False,5780,IM,201,INDUSTRIAL MAINTENANCE 4,3,U,0100 - 0600 pm,Sterrett M,001 (ATC),14-JAN-13,7,FIRST FIVE WEEKS (14-JAN-13 - 15-FEB-13),Online or Blended
Ble,False,5781,IM,202,INDUSTRIAL MAINTENANCE 5,3,U,0100 - 0600 pm,Sterrett M,001 (ATC),18-FEB-13,8,SECOND FIVE WEEKS (18-FEB-13 - 22-MAR-13),Online or Blended
Ble,False,5782,IM,203,INDUSTRIAL MAINTENANCE 6,3,U,0100 - 0600 pm,Sterrett M,001 (ATC),01-APR-13,9,THIRD FIVE WEEKS (01-APR-13 - 03-MAY-13),Online or Blended
Lec,False,5340,IM,255,CNC MACHINING 2,3,M,0130 - 0443 pm,Giffin C,001 (ATC),14-JAN-13,10,FULL TERM (14-JAN-13 - 10-MAY-13),Main
Lec,False,5783,IM,260,IM CAPSTONE COURSE,1,T,0335 - 0420 pm,Rowley G,001 (ATC),14-JAN-13,9,FULL TERM (14-JAN-13 - 10-MAY-13),Main
,False,5776,INDT,107,PRIN OF TECHNOLOGY 1,3,M T W R F,0930 - 1100 am,Shriver C,C209 (CAPC),22-JAN-13,4,LATE SEMESTER (High School) (22-JAN-13 - 10-MAY-13),High School Campus
,False,5778,INDT,107,PRIN OF TECHNOLOGY 1,3,M T W R F,1200 - 0130 pm,Shriver C,C209 (CAPC),22-JAN-13,11,LATE SEMESTER (High School) (22-JAN-13 - 10-MAY-13),High School Campus
E-C,False,5571,INDT,231,ENGINEERING ECONOMICS,3,,*,Brown W,,14-JAN-13,4,FULL TERM (14-JAN-13 - 10-MAY-13),Online or Blended
E-C,False,5580,INDT,420,PROJ CONCEPTION & DEFINITION,1,,*,Brown W,,14-JAN-13,5,FIRST FIVE WEEKS (14-JAN-13 - 15-FEB-13),Online or Blended
E-C,False,5699,INDT,422,PROJ ECONOMICS & JUSTIFICATION,2,,*,Brown W,,11-MAR-13,5,SECOND HALF TERM (11-MAR-13 - 10-MAY-13),Online or Blended
E-C,False,5700,INDT,424,PROJ ORGNZTION & IMPLEMENT,2,,*,Brown W,,14-JAN-13,6,FULL TERM (14-JAN-13 - 10-MAY-13),Online or Blended
E-C,False,5579,INDT,431,ENGINEERING ECONOMICS 2,3,,*,Brown W,,14-JAN-13,4,FULL TERM (14-JAN-13 - 10-MAY-13),Online or Blended
E-C,False,5624,JOUR,101,INTRO TO MASS COMMUNICATIONS,3,,*,Jackson T,,14-JAN-13,-2,FULL TERM (14-JAN-13 - 10-MAY-13),Online or Blended
Lec,False,5627,JOUR,215,MEDIA WRITING,3,T R,0930 - 1045 am,Jackson T,2205 (MAIN),14-JAN-13,8,FULL TERM (14-JAN-13 - 10-MAY-13),Main
E-C,False,5632,JOUR,220,PHOTOGRAPHY,3,,*,Tackett L,,14-JAN-13,0,FULL TERM (14-JAN-13 - 10-MAY-13),Online or Blended
Lec,False,5630,JOUR,225,NEWSPAPER PRODUCTION 1,1,W,0900 - 0950 am,Jackson T,2205 (MAIN),14-JAN-13,4,FULL TERM (14-JAN-13 - 10-MAY-13),Main
Lec,False,5631,JOUR,226,NEWSPAPER PRODUCTION 2,1,W,1000 - 1050 am,Jackson T,2205 (MAIN),14-JAN-13,12,FULL TERM (14-JAN-13 - 10-MAY-13),Main
Lec,False,5628,JOUR,318,NEWS REPORTING,3,T R,0930 - 1045 am,Jackson T,2205 (MAIN),14-JAN-13,8,FULL TERM (14-JAN-13 - 10-MAY-13),Main
E-C,False,5625,JOUR,360,DIGITAL IMAGING,3,,*,Jackson T,,14-JAN-13,1,FULL TERM (14-JAN-13 - 10-MAY-13),Online or Blended
E-C,False,5626,JOUR,410,GRAPHIC DESIGN,3,,*,Jackson T,,14-JAN-13,3,FULL TERM (14-JAN-13 - 10-MAY-13),Online or Blended
Ble,False,5629,JOUR,437,PR WRITING/CASE STUDIES,3,T,1230 - 0145 pm,Jackson T,2205 (MAIN),14-JAN-13,8,FULL TERM (14-JAN-13 - 10-MAY-13),Online or Blended
Lec,False,5871,LA,097,ST: ST Literacy,6,T R,1230 - 0315 pm,Havely R,0414A (MAIN),04-FEB-13,11,LATE SESSION (04-FEB-13 - 10-MAY-13),Main
Lec,False,5174,LA,301,LANGUAGE ARTS,3,M,0800 - 1045 am,Roy M,1321 (MAIN),14-JAN-13,4,FULL TERM (14-JAN-13 - 10-MAY-13),Main
Lec,False,5832,LA,302,READ LANG ARTS - MIDDLE SCHOOL,3,T,0700 - 0945 pm,Skinner T,1321 (MAIN),14-JAN-13,13,FULL TERM (14-JAN-13 - 10-MAY-13),Main
Lec,False,5812,LS,101,INTRO TO LEGAL STUDIES,3,T R,0930 - 1045 am,McGhee N,0130A (MAIN),11-MAR-13,1,SECOND HALF TERM (11-MAR-13 - 10-MAY-13),Main
Lec,False,5813,LS,210,LEGAL RESEARCH & WRITING 1,3,T R,1230 - 0145 pm,Steed D,2204 (MAIN),11-MAR-13,11,SECOND HALF TERM (11-MAR-13 - 10-MAY-13),Main
Lec,False,5814,LS,231,LEGAL ETHICS,3,M W,0200 - 0315 pm,McGhee N,2204 (MAIN),11-MAR-13,10,SECOND HALF TERM (11-MAR-13 - 10-MAY-13),Main
Lec,False,5337,MACH,102,MACHINE SHOP 2,4,F,0830 - 1230 pm,Williams III W,001 (ATC),14-JAN-13,6,FULL TERM (14-JAN-13 - 10-MAY-13),Main
Lec,False,5338,MACH,103,SHOP FABRICATION,3,M,0500 - 0800 pm,Giffin C,001 (ATC),14-JAN-13,9,FULL TERM (14-JAN-13 - 10-MAY-13),Main
Lec,False,5355,MACH,104,MACHINIST PRINT READING,3,T R,0830 - 0945 am,Underwood E,001 (ATC),14-JAN-13,10,FULL TERM (14-JAN-13 - 10-MAY-13),Main
Lec,False,5339,MACH,202,MACHINE SHOP 4,4,W,1230 - 0430 pm,Giffin C,001 (ATC),14-JAN-13,10,FULL TERM (14-JAN-13 - 10-MAY-13),Main
Lec,False,5341,MACH,260,MACHINING CAPSTONE PROJECTS,2,M,1000 - 1100 am,Giffin C,001 (ATC),14-JAN-13,11,FULL TERM (14-JAN-13 - 10-MAY-13),Main
Lec,False,5541,MGMT,214,PERSONNEL SUPERVISION,3,T R,1100 - 1215 pm,Wooten T,1326 (MAIN),14-JAN-13,10,FULL TERM (14-JAN-13 - 10-MAY-13),Main
E-C,False,5483,MGMT,310,SMALL BUSINESS MANAGEMENT,3,,*,Holland J,,14-JAN-13,0,FULL TERM (14-JAN-13 - 10-MAY-13),Online or Blended
Lec,False,5504,MGMT,320,PRINCIPLES OF MANAGEMENT,3,M W,0800 - 0915 am,Morgan S,1330 (MAIN),14-JAN-13,2,FULL TERM (14-JAN-13 - 10-MAY-13),Main
E-C,False,5530,MGMT,320,PRINCIPLES OF MANAGEMENT,3,,*,Shah V,,14-JAN-13,2,FULL TERM (14-JAN-13 - 10-MAY-13),Online or Blended
E-C,False,5531,MGMT,320,PRINCIPLES OF MANAGEMENT,3,,*,Shah V,,14-JAN-13,4,FULL TERM (14-JAN-13 - 10-MAY-13),Online or Blended
Lec,False,5619,MGMT,320,PRINCIPLES OF MANAGEMENT,3,T,0700 - 0945 pm,Socha T,1330 (MAIN),14-JAN-13,8,FULL TERM (14-JAN-13 - 10-MAY-13),Main
E-C,False,5539,MGMT,322,ORGANIZATIONAL BEHAVIOR,3,,*,Baker D,,14-JAN-13,2,FULL TERM (14-JAN-13 - 10-MAY-13),Online or Blended
E-C,False,5543,MGMT,333,HUMAN RESOURCES MANAGEMENT,3,,*,Wooten T,,14-JAN-13,3,FULL TERM (14-JAN-13 - 10-MAY-13),Online or Blended
Lec,False,5620,MGMT,401,PRODUCTION AND OPERATIONS MGMT,3,R,0400 - 0645 pm,Socha T,1330 (MAIN),14-JAN-13,20,FULL TERM (14-JAN-13 - 10-MAY-13),Main
E-C,False,5538,MKTG,330,PRINCIPLES OF MARKETING,3,,*,Baker D,,14-JAN-13,1,FULL TERM (14-JAN-13 - 10-MAY-13),Online or Blended
Ble,False,5601,MKTG,330,PRINCIPLES OF MARKETING,3,W,0400 - 0515 pm,Baker D,1326 (MAIN),14-JAN-13,8,FULL TERM (14-JAN-13 - 10-MAY-13),Online or Blended
E-C,False,5604,MKTG,330,PRINCIPLES OF MARKETING,3,,*,Braden P,,14-JAN-13,-7,FIRST HALF TERM (14-JAN-13 - 08-MAR-13),Online or Blended
Lec,False,5749,MKTG,341,ADVERTISING,3,R,0700 - 0945 pm,Helmick C,1326 (MAIN),14-JAN-13,10,FULL TERM (14-JAN-13 - 10-MAY-13),Main
Lec,False,5617,MKTG,371,BUSINESS LOGISTICS,3,T R,0200 - 0315 pm,Riley D,2539 (MAIN),14-JAN-13,15,FULL TERM (14-JAN-13 - 10-MAY-13),Main
Ble,False,5605,MKTG,401,MARKETING RESEARCH,3,M,0400 - 0515 pm,Braden P,1330 (MAIN),14-JAN-13,11,FULL TERM (14-JAN-13 - 10-MAY-13),Online or Blended
Lec,False,5490,MATH,011,ARITHMETIC,3,M W,0800 - 0915 am,Edwards H,0414B (MAIN),14-JAN-13,33,FULL TERM (14-JAN-13 - 10-MAY-13),Main
Lec,False,5491,MATH,011,ARITHMETIC,3,T R,0800 - 0915 am,Styrt M,0414A (MAIN),14-JAN-13,32,FULL TERM (14-JAN-13 - 10-MAY-13),Main
Lec,False,5492,MATH,011,ARITHMETIC,3,T R,0930 - 1045 am,Styrt M,0414A (MAIN),14-JAN-13,12,FULL TERM (14-JAN-13 - 10-MAY-13),Main
Lec,False,5493,MATH,011,ARITHMETIC,3,T R,1100 - 1215 pm,Freshour II S,0414A (MAIN),14-JAN-13,11,FULL TERM (14-JAN-13 - 10-MAY-13),Main
Lec,False,5494,MATH,011,ARITHMETIC,3,M W,1230 - 0145 pm,Mutz M,0414A (MAIN),14-JAN-13,10,FULL TERM (14-JAN-13 - 10-MAY-13),Main
Lec,False,5495,MATH,011,ARITHMETIC,3,T R,0500 - 0615 pm,Miihlbach P,0414A (MAIN),14-JAN-13,27,FULL TERM (14-JAN-13 - 10-MAY-13),Main
Lec,False,5496,MATH,011,ARITHMETIC,3,M,0600 - 0845 pm,Andrews K,0414A (MAIN),14-JAN-13,26,FULL TERM (14-JAN-13 - 10-MAY-13),Main
Lec,False,5497,MATH,021,ELEMENTARY ALGEBRA,4,T R,0200 - 0340 pm,Styrt M,0414B (MAIN),14-JAN-13,6,FULL TERM (14-JAN-13 - 10-MAY-13),Main
Lec,False,5498,MATH,021,ELEMENTARY ALGEBRA,4,M T W R,0930 - 1020 am,Edwards H,0414B (MAIN),14-JAN-13,23,FULL TERM (14-JAN-13 - 10-MAY-13),Main
Lec,False,5499,MATH,021,ELEMENTARY ALGEBRA,4,M W,1230 - 0210 pm,Cunningham C,0414B (MAIN),14-JAN-13,6,FULL TERM (14-JAN-13 - 10-MAY-13),Main
Lec,False,5500,MATH,021,ELEMENTARY ALGEBRA,4,M W,0300 - 0440 pm,Mutz M,0414A (MAIN),14-JAN-13,23,FULL TERM (14-JAN-13 - 10-MAY-13),Main
Lec,False,5501,MATH,021,ELEMENTARY ALGEBRA,4,M W,0500 - 0640 pm,James M,0414B (MAIN),14-JAN-13,5,FULL TERM (14-JAN-13 - 10-MAY-13),Main
E-C,False,5503,MATH,100,INTERMEDIATE ALGEBRA,4,,*,Freshour II S,,14-JAN-13,3,FULL TERM (14-JAN-13 - 10-MAY-13),Online or Blended
Lec,False,5507,MATH,100,INTERMEDIATE ALGEBRA,4,T R,0355 - 0600 pm,Morgan A,1322 (MAIN),14-JAN-13,14,FULL TERM (14-JAN-13 - 10-MAY-13),Main
Lec,False,5509,MATH,100,INTERMEDIATE ALGEBRA,4,M T W R,0930 - 1035 am,Freshour II S,1318 (MAIN),14-JAN-13,15,FULL TERM (14-JAN-13 - 10-MAY-13),Main
Lec,False,5511,MATH,100,INTERMEDIATE ALGEBRA,4,M T W R,0200 - 0305 pm,Edwards H,1318 (MAIN),14-JAN-13,21,FULL TERM (14-JAN-13 - 10-MAY-13),Main
Lec,False,5512,MATH,100,INTERMEDIATE ALGEBRA,4,T R,1230 - 0235 pm,Morgan A,1322 (MAIN),14-JAN-13,4,FULL TERM (14-JAN-13 - 10-MAY-13),Main
Lec,False,5518,MATH,107,SHOP MATH 1,3,T R,0430 - 0545 pm,Bargeloh F,1318 (MAIN),14-JAN-13,9,FULL TERM (14-JAN-13 - 10-MAY-13),Main
Lec,False,5521,MATH,108,SHOP MATH 2,3,T R,0600 - 0715 pm,Bargeloh F,1318 (MAIN),14-JAN-13,29,FULL TERM (14-JAN-13 - 10-MAY-13),Main
Lec,False,5829,MATH,108,SHOP MATH 2,3,F,0900 - 1145 am,Williams D,1314 (MAIN),14-JAN-13,26,FULL TERM (14-JAN-13 - 10-MAY-13),Main
Lec,False,5547,MATH,111,TECHNICAL MATH,4,T R,0200 - 0340 pm,Rabatin C,C225 (CAPC),14-JAN-13,5,FULL TERM (14-JAN-13 - 10-MAY-13),Main
Lec,False,5554,MATH,112,TECHNICAL MATH 2,4,M W,0200 - 0340 pm,Newhart A,1322 (MAIN),14-JAN-13,25,FULL TERM (14-JAN-13 - 10-MAY-13),Main
E-C,False,5633,MATH,112,TECHNICAL MATH 2,4,,*,Rabatin C,,14-JAN-13,10,FULL TERM (14-JAN-13 - 10-MAY-13),Online or Blended
Lec,False,5556,MATH,121,INTRO TO MATHEMATICS,3,W,0700 - 0945 pm,Williams D,1314 (MAIN),14-JAN-13,11,FULL TERM (14-JAN-13 - 10-MAY-13),Main
Lec,False,5559,MATH,121,INTRO TO MATHEMATICS,3,T R,1230 - 0145 pm,Cunningham C,1314 (MAIN),14-JAN-13,11,FULL TERM (14-JAN-13 - 10-MAY-13),Main
Lec,False,5561,MATH,126,COLLEGE ALGEBRA,3,M T W R,0800 - 0850 am,Newhart A,1322 (MAIN),14-JAN-13,24,FULL TERM (14-JAN-13 - 10-MAY-13),Main
E-C,False,5563,MATH,126,COLLEGE ALGEBRA,3,,*,Cunningham C,,14-JAN-13,-5,FULL TERM (14-JAN-13 - 10-MAY-13),Online or Blended
Lec,False,5566,MATH,126,COLLEGE ALGEBRA,3,M T W R,1230 - 0120 pm,Styrt M,1326 (MAIN),14-JAN-13,4,FULL TERM (14-JAN-13 - 10-MAY-13),Main
Lec,False,5567,MATH,126,COLLEGE ALGEBRA,3,M T W R,0930 - 1020 am,Newhart A,1322 (MAIN),14-JAN-13,12,FULL TERM (14-JAN-13 - 10-MAY-13),Main
Lec,False,5568,MATH,126,COLLEGE ALGEBRA,3,T R,0500 - 0640 pm,Miller P,1314 (MAIN),14-JAN-13,2,FULL TERM (14-JAN-13 - 10-MAY-13),Main
Lec,False,5569,MATH,128,COLLEGE TRIGONOMETRY,3,T R,1230 - 0145 pm,Freshour II S,1318 (MAIN),14-JAN-13,12,FULL TERM (14-JAN-13 - 10-MAY-13),Main
Lec,False,5570,MATH,128,COLLEGE TRIGONOMETRY,3,M W,0400 - 0515 pm,Styrt M,1314 (MAIN),14-JAN-13,30,FULL TERM (14-JAN-13 - 10-MAY-13),Main
Lec,False,5574,MATH,150,INTRODUCTION TO CALCULUS,3,M W,0400 - 0515 pm,Edwards H,1318 (MAIN),14-JAN-13,21,FULL TERM (14-JAN-13 - 10-MAY-13),Main
Lec,False,5577,MATH,156,CALCULUS 2,4,M T W R,0800 - 0905 am,Cunningham C,1314 (MAIN),14-JAN-13,30,FULL TERM (14-JAN-13 - 10-MAY-13),Main
E-C,False,5581,MATH,211,STATISTICS,3,,*,Styrt M,,14-JAN-13,-5,FULL TERM (14-JAN-13 - 10-MAY-13),Online or Blended
Lec,False,5582,MATH,211,STATISTICS,3,R,1230 - 0120 pm,Newhart A,0414D (MAIN),14-JAN-13,11,FULL TERM (14-JAN-13 - 10-MAY-13),Main
Lec,False,5583,MATH,211,STATISTICS,3,M W,0500 - 0615 pm,Freshour II S,1322 (MAIN),14-JAN-13,1,FULL TERM (14-JAN-13 - 10-MAY-13),Main
Lec,False,5584,MATH,301,INSTRUC STRATEGIES IN MATH,3,M,0400 - 0645 pm,Smithberger A,1329 (MAIN),14-JAN-13,3,FULL TERM (14-JAN-13 - 10-MAY-13),Main
Lec,False,5585,MATH,301,INSTRUC STRATEGIES IN MATH,3,M,0700 - 0945 pm,Smithberger A,1329 (MAIN),14-JAN-13,3,FULL TERM (14-JAN-13 - 10-MAY-13),Main
Lec,False,5586,MATH,303,DIAGNOSTIC & PRESCRIPTIVE MATH,2,W,0500 - 0640 pm,Halbert C,1325 (MAIN),14-JAN-13,13,FULL TERM (14-JAN-13 - 10-MAY-13),Main
Lec,False,5587,MATH,315,INTRO TO MODERN ALGEBRA,3,T R,0400 - 0515 pm,Cunningham C,1329 (MAIN),14-JAN-13,28,FULL TERM (14-JAN-13 - 10-MAY-13),Main
Ble,False,5784,MTEC,103,INTRO TO MAINTENANCE TECH,3,W,0830 - 1130 am,Sterrett M,001 (ATC),14-JAN-13,1,FULL TERM (14-JAN-13 - 10-MAY-13),Online or Blended
,False,5766,MTEC,103,INTRO TO MAINTENANCE TECH,3,M T W R F,0800 - 0929 am,Richards R,C121 (CAPC),22-JAN-13,13,LATE SEMESTER (High School) (22-JAN-13 - 10-MAY-13),High School Campus
Lec,False,5785,MTEC,280,CAPSTONE COURSE,1,M,1230 - 0129 pm,Sterrett M,001 (ATC),14-JAN-13,9,FULL TERM (14-JAN-13 - 10-MAY-13),Main
Alt,False,5836,MDS,492,SENIOR PROJECT,3,,TBA,Young III H,,14-JAN-13,0,FULL TERM (14-JAN-13 - 10-MAY-13),Main
Lec,False,5114,MUSI,122,MUSIC THEORY 2,4,T R,0900 - 1045 am,Young III H,2201 (MAIN),14-JAN-13,7,FULL TERM (14-JAN-13 - 10-MAY-13),Main
Stu,False,5139,MUSI,161,CLASS PIANO 1,1,W,0100 - 0155 pm,Smith J,2201 (MAIN),14-JAN-13,4,FULL TERM (14-JAN-13 - 10-MAY-13),Main
Lec,False,5118,MUSI,170,MUSIC APPRECIATION,3,T R,1100 - 1215 pm,Young III H,2201 (MAIN),14-JAN-13,5,FULL TERM (14-JAN-13 - 10-MAY-13),Main
Lec,False,5119,MUSI,170,MUSIC APPRECIATION,3,W,0400 - 0645 pm,Young III H,2201 (MAIN),14-JAN-13,11,FULL TERM (14-JAN-13 - 10-MAY-13),Main
Ind,False,5120,MUSI,171,APPLIED MUSIC-PIANO,1,,TBA,Smith J,2201 (MAIN),14-JAN-13,0,FULL TERM (14-JAN-13 - 10-MAY-13),Main
Ind,False,5121,MUSI,172,APPLIED MUSIC-VOICE,1,,TBA,Lindsey C,2201 (MAIN),14-JAN-13,1,FULL TERM (14-JAN-13 - 10-MAY-13),Main
Ind,False,5122,MUSI,173,APPLIED MUSIC-GUITAR,1,,TBA,Coddington R,2201 (MAIN),14-JAN-13,3,FULL TERM (14-JAN-13 - 10-MAY-13),Main
Ind,False,5123,MUSI,176,APPLIED MUSIC-FLUTE,1,,TBA,Staff S,2201 (MAIN),14-JAN-13,4,FULL TERM (14-JAN-13 - 10-MAY-13),Main
Stu,False,5124,MUSI,191,COLLEGE CHORALE,1,M W,1100 - 1215 pm,Young III H,2201 (MAIN),14-JAN-13,7,FULL TERM (14-JAN-13 - 10-MAY-13),Main
Ble,False,5275,CNA,101,CERTIFIED NURSING ASSISTANT,7,F,0800 - 0215 pm,Barker D,2539 (MAIN),14-JAN-13,2,FULL TERM (14-JAN-13 - 10-MAY-13),Main
Lab,False,5277,CNA,101L,CNA LAB,0,T,0630 - 0300 pm,Barker D,HOSPI (OFFCAM),25-FEB-13,0,FULL TERM (14-JAN-13 - 10-MAY-13),Off-Campus Site
Lab,False,5278,CNA,101L,CNA LAB,0,R,0630 - 0300 pm,Barker D,HOSPI (OFFCAM),25-FEB-13,2,FULL TERM (14-JAN-13 - 10-MAY-13),Off-Campus Site
Lab,False,5276,CNA,101P,CNA COLLEGE LAB,0,T,0800 - 1055 am,Barker D,2209 (MAIN),14-JAN-13,2,FULL TERM (14-JAN-13 - 10-MAY-13),Main
Lec,False,5264,NURS,101,ORIENTATION TO HEALTH CAREERS,3,T R,1100 - 1215 pm,Watkins C,2317 (MAIN),14-JAN-13,6,FULL TERM (14-JAN-13 - 10-MAY-13),Main
Ble,False,5231,NURS,111,MEDICAL-SURGICAL NURSING 1,9,T R,0800 - 1055 am,Duckworth R,2326 (MAIN),14-JAN-13,3,FULL TERM (14-JAN-13 - 10-MAY-13),Main
Lab,False,5232,NURS,111L,MED SURG NURSING LAB 1,0,W,0730 - 0330 pm,Duckworth R,HOSPI (OFFCAM),14-JAN-13,0,FULL TERM (14-JAN-13 - 10-MAY-13),Off-Campus Site
Lab,False,5233,NURS,111L,MED SURG NURSING LAB 1,0,W,0730 - 0330 pm,Robinson C,HOSPI (OFFCAM),14-JAN-13,0,FULL TERM (14-JAN-13 - 10-MAY-13),Off-Campus Site
Lab,False,5234,NURS,111L,MED SURG NURSING LAB 1,0,W,0730 - 0330 pm,Sprout K,HOSPI (OFFCAM),14-JAN-13,0,FULL TERM (14-JAN-13 - 10-MAY-13),Off-Campus Site
Lab,False,5235,NURS,111L,MED SURG NURSING LAB 1,0,W,0730 - 0330 pm,Watkins C,HOSPI (OFFCAM),14-JAN-13,0,FULL TERM (14-JAN-13 - 10-MAY-13),Off-Campus Site
Lab,False,5236,NURS,111L,MED SURG NURSING LAB 1,0,W,0730 - 0330 pm,Brumfield C,HOSPI (OFFCAM),14-JAN-13,1,FULL TERM (14-JAN-13 - 10-MAY-13),Off-Campus Site
Lab,False,5237,NURS,111L,MED SURG NURSING LAB 1,0,W,0730 - 0330 pm,Cowan T,HOSPI (OFFCAM),14-JAN-13,0,FULL TERM (14-JAN-13 - 10-MAY-13),Off-Campus Site
Lab,False,5238,NURS,111P,NURSING 111 COLLEGE LAB,0,M,0900 - 0950 am,Sprout K,2536 (MAIN),14-JAN-13,0,FULL TERM (14-JAN-13 - 10-MAY-13),Main
Lab,False,5239,NURS,111P,NURSING 111 COLLEGE LAB,0,M,1000 - 1050 am,Sprout K,2536 (MAIN),14-JAN-13,1,FULL TERM (14-JAN-13 - 10-MAY-13),Main
Lab,False,5240,NURS,111P,NURSING 111 COLLEGE LAB,0,M,1230 - 0120 pm,Sprout K,2536 (MAIN),14-JAN-13,0,FULL TERM (14-JAN-13 - 10-MAY-13),Main
Lab,False,5241,NURS,111P,NURSING 111 COLLEGE LAB,0,M,0130 - 0220 pm,Sprout K,2536 (MAIN),14-JAN-13,0,FULL TERM (14-JAN-13 - 10-MAY-13),Main
Ble,False,5242,NURS,112,MEDICAL SURGICAL NURSING 2,9,F,0830 - 1130 am,Heller J,2326 (MAIN),14-JAN-13,14,FULL TERM (14-JAN-13 - 10-MAY-13),Main
Lab,False,5243,NURS,112L,MED SUG NURSING LAB 2,0,T,TBA,Heller J,HOSPI (OFFCAM),14-JAN-13,0,FULL TERM (14-JAN-13 - 10-MAY-13),Off-Campus Site
Lab,False,5244,NURS,112L,MED SUG NURSING LAB 2,0,T,TBA,Hawley T,HOSPI (OFFCAM),14-JAN-13,0,FULL TERM (14-JAN-13 - 10-MAY-13),Off-Campus Site
Lab,False,5245,NURS,112L,MED SUG NURSING LAB 2,0,T,TBA,Stout S,HOSPI (OFFCAM),14-JAN-13,1,FULL TERM (14-JAN-13 - 10-MAY-13),Off-Campus Site
Lab,False,5246,NURS,112L,MED SUG NURSING LAB 2,0,T,TBA,Cottrell K,HOSPI (OFFCAM),14-JAN-13,0,FULL TERM (14-JAN-13 - 10-MAY-13),Off-Campus Site
Lab,False,5247,NURS,112L,MED SUG NURSING LAB 2,0,T,TBA,Straight L,HOSPI (OFFCAM),14-JAN-13,0,FULL TERM (14-JAN-13 - 10-MAY-13),Off-Campus Site
Lab,False,5248,NURS,112P,NURSING LAB COLLEG PRACTICE,0,R,1000 - 1050 am,Hawley T,2536 (MAIN),14-JAN-13,1,FULL TERM (14-JAN-13 - 10-MAY-13),Main
Lab,False,5249,NURS,112P,NURSING LAB COLLEG PRACTICE,0,R,1100 - 1150 am,Hawley T,2536 (MAIN),14-JAN-13,0,FULL TERM (14-JAN-13 - 10-MAY-13),Main
Lab,False,5250,NURS,112P,NURSING LAB COLLEG PRACTICE,0,R,0130 - 0220 pm,Hawley T,2536 (MAIN),14-JAN-13,1,FULL TERM (14-JAN-13 - 10-MAY-13),Main
Ble,False,5834,NURS,131,PHYSICAL ASSESSMENT,1,R,1230 - 0120 pm,Cowan T,2326 (MAIN),14-JAN-13,10,FULL TERM (14-JAN-13 - 10-MAY-13),Main
Ble,False,5835,NURS,131,PHYSICAL ASSESSMENT,1,R,0230 - 0320 pm,Cowan T,2326 (MAIN),14-JAN-13,10,FULL TERM (14-JAN-13 - 10-MAY-13),Main
Ble,False,5252,NURS,213,FAMILY CENTERED NURSING,9,M,1230 - 0230 pm,Watkins S,2326 (MAIN),14-JAN-13,4,FULL TERM (14-JAN-13 - 10-MAY-13),Main
Lab,False,5253,NURS,213L,FAMILY CENTERED NURSING LAB,0,,TBA,Watkins S,HOSPI (OFFCAM),14-JAN-13,0,FULL TERM (14-JAN-13 - 10-MAY-13),Off-Campus Site
Lab,False,5254,NURS,213L,FAMILY CENTERED NURSING LAB,0,,TBA,Tuell B,HOSPI (OFFCAM),14-JAN-13,0,FULL TERM (14-JAN-13 - 10-MAY-13),Off-Campus Site
Lab,False,5255,NURS,213L,FAMILY CENTERED NURSING LAB,0,,TBA,Sava D,HOSPI (OFFCAM),14-JAN-13,0,FULL TERM (14-JAN-13 - 10-MAY-13),Off-Campus Site
Lab,False,5256,NURS,213L,FAMILY CENTERED NURSING LAB,0,,TBA,Greathouse T,HOSPI (OFFCAM),14-JAN-13,0,FULL TERM (14-JAN-13 - 10-MAY-13),Off-Campus Site
Ble,False,5258,NURS,216,MEDICAL SURGICAL NURSING 3,9,W,0800 - 0955 am,Frum K,2326 (MAIN),14-JAN-13,4,FULL TERM (14-JAN-13 - 10-MAY-13),Main
Lab,False,5259,NURS,216L,MEDICAL SURGICAL NURSING 3 LAB,0,R F,0730 - 0130 pm,Frum K,HOSPI (OFFCAM),14-JAN-13,0,FULL TERM (14-JAN-13 - 10-MAY-13),Off-Campus Site
Lab,False,5260,NURS,216L,MEDICAL SURGICAL NURSING 3 LAB,0,R F,0730 - 0130 pm,Sayre A,HOSPI (OFFCAM),14-JAN-13,0,FULL TERM (14-JAN-13 - 10-MAY-13),Off-Campus Site
Lab,False,5261,NURS,216L,MEDICAL SURGICAL NURSING 3 LAB,0,R F,0730 - 0130 pm,White M,HOSPI (OFFCAM),14-JAN-13,0,FULL TERM (14-JAN-13 - 10-MAY-13),Off-Campus Site
Lab,False,5262,NURS,216L,MEDICAL SURGICAL NURSING 3 LAB,0,R,0700 - 0700 pm,Church C,HOSPI (OFFCAM),14-JAN-13,0,FULL TERM (14-JAN-13 - 10-MAY-13),Off-Campus Site
Lab,False,5263,NURS,216L,MEDICAL SURGICAL NURSING 3 LAB,0,R F,0730 - 0130 pm,Stout S,HOSPI (OFFCAM),14-JAN-13,0,FULL TERM (14-JAN-13 - 10-MAY-13),Off-Campus Site
Ble,False,5267,NURS,217,NCLEX - RN REVIEW,1,M,0130 - 0225 pm,Robinson C,2209 (MAIN),14-JAN-13,7,FULL TERM (14-JAN-13 - 10-MAY-13),Main
Ble,False,5268,NURS,224,PERSPECTIVES OF NURSING,3,W,1000 - 1055 am,Sayre A,2326 (MAIN),14-JAN-13,6,FULL TERM (14-JAN-13 - 10-MAY-13),Main
,False,5774,EMED,105,INTRO EMERGENCY MEDICAL SERVIC,5,M T W R F,1200 - 0300 pm,Reynolds J,C117 (CAPC),22-JAN-13,14,LATE SEMESTER (High School) (22-JAN-13 - 10-MAY-13),High School Campus
Ble,False,5273,PTEC,102,CLINICAL COMMUNITY PHARMACY,4,,TBA,Christian J,HOSPI (OFFCAM),14-JAN-13,2,FULL TERM (14-JAN-13 - 10-MAY-13),Off-Campus Site
Lec,False,5271,PTEC,111,CALC FOR PHARMACY TECHNICIANS,2,T R,0330 - 0420 pm,Christian J,2534 (MAIN),14-JAN-13,2,FULL TERM (14-JAN-13 - 10-MAY-13),Main
Ble,False,5272,PTEC,114,PHARMACOLOGY 2,3,T R,0200 - 0315 pm,Christian J,2212 (MAIN),14-JAN-13,2,FULL TERM (14-JAN-13 - 10-MAY-13),Main
Lec,False,5274,PTEC,121,PHARM TECH CERT REVIEW,3,T R,1230 - 0145 pm,Christian J,2212 (MAIN),14-JAN-13,2,FULL TERM (14-JAN-13 - 10-MAY-13),Main
Lec,False,5731,PHIL,111,INTRO TO PHILOSOPHY,3,M W,1230 - 0145 pm,Thornton J,0130A (MAIN),14-JAN-13,3,FULL TERM (14-JAN-13 - 10-MAY-13),Main
Lec,False,5809,PHIL,231,WORKPLACE ETHICS,3,R,0700 - 0945 pm,Chenoweth J,NGMILLWOOD (OFFCA,14-JAN-13,32,FULL TERM (14-JAN-13 - 10-MAY-13),All campuses
E-C,False,5857,PHIL,231,WORKPLACE ETHICS,3,W,0700 - 0945 pm,Crumbaker C,2214 (MAIN),14-JAN-13,18,FULL TERM (14-JAN-13 - 10-MAY-13),Online or Blended
E-C,False,5750,PHIL,308,PHILOSOPHY OF RELIGION,3,,*,Utietiang B,,14-JAN-13,5,FULL TERM (14-JAN-13 - 10-MAY-13),Online or Blended
Lec,False,5751,PHIL,346,INTRO TO ETHICS,3,M W,1230 - 0145 pm,McKenzie L,2206 (MAIN),14-JAN-13,4,FULL TERM (14-JAN-13 - 10-MAY-13),Main
Lec,False,5753,PHIL,346,INTRO TO ETHICS,3,T R,1230 - 0145 pm,McKenzie L,1317 (MAIN),14-JAN-13,6,FULL TERM (14-JAN-13 - 10-MAY-13),Main
E-C,False,5754,PHIL,346,INTRO TO ETHICS,3,,*,Utietiang B,,14-JAN-13,2,FULL TERM (14-JAN-13 - 10-MAY-13),Online or Blended
Lec,False,5448,PSCI,111,INTRO TO PHYSICAL SCIENCE,4,M W,0930 - 1045 am,Crisp E,3336 (MAIN),14-JAN-13,9,FULL TERM (14-JAN-13 - 10-MAY-13),Main
Lab,False,5449,PSCI,111L,INTRO TO PHYSICAL SCI LAB,0,F,0930 - 1125 am,Pettigrew P,3336 (MAIN),14-JAN-13,9,FULL TERM (14-JAN-13 - 10-MAY-13),Main
Lec,False,5450,PSCI,112,INTRO TO EARTH SCIENCE,4,T R,0930 - 1045 am,Crisp E,3336 (MAIN),14-JAN-13,11,FULL TERM (14-JAN-13 - 10-MAY-13),Main
Lab,False,5452,PSCI,112L,INTRO TO EARTH SCIENCE LAB,0,T,1230 - 0225 pm,Crisp E,3336 (MAIN),14-JAN-13,11,FULL TERM (14-JAN-13 - 10-MAY-13),Main
Lec,False,5816,PSCI,297,ST: FUND OF PHYSICAL SCIENCE,3,M W,0200 - 0315 pm,Pettigrew P,3336 (MAIN),14-JAN-13,11,FULL TERM (14-JAN-13 - 10-MAY-13),Main
Lab,False,5817,PSCI,297,ST: FUND OF PSCI LAB,1,M,0330 - 0525 pm,Pettigrew P,3335 (MAIN),14-JAN-13,11,FULL TERM (14-JAN-13 - 10-MAY-13),Main
Lec,False,5476,PHYS,102,INTRO TO PHYSICS 2,4,M W,0930 - 1045 am,Rabatin C,C201 (CAPC),14-JAN-13,9,FULL TERM (14-JAN-13 - 10-MAY-13),Main
Lab,False,5479,PHYS,102L,INTRO TO PHYSICS 2 LAB,0,T,0900 - 1055 am,Rabatin C,0132 (MAIN),14-JAN-13,9,FULL TERM (14-JAN-13 - 10-MAY-13),Main
E-C,False,5638,POLS,101,ELEMENTS OF DEMOCRATIC GOVT,3,,*,Amos C,,14-JAN-13,0,FULL TERM (14-JAN-13 - 10-MAY-13),Online or Blended
Lec,False,5758,POLS,101,ELEMENTS OF DEMOCRATIC GOVT,3,R,0700 - 0945 pm,Miller P,2209 (MAIN),14-JAN-13,28,FULL TERM (14-JAN-13 - 10-MAY-13),Main
E-C,False,5639,POLS,102,AMERICAN FEDERAL GOVERNMENT,3,,*,Amos C,,14-JAN-13,1,FULL TERM (14-JAN-13 - 10-MAY-13),Online or Blended
Lec,False,5759,POLS,102,AMERICAN FEDERAL GOVERNMENT,3,T R,0800 - 0915 am,Miller P,2204 (MAIN),14-JAN-13,1,FULL TERM (14-JAN-13 - 10-MAY-13),Main
E-C,False,5760,POLS,220,STATE AND LOCAL GOVERNMENT,3,,*,Phillips J,,14-JAN-13,7,FULL TERM (14-JAN-13 - 10-MAY-13),Online or Blended
Lec,False,5761,POLS,256,WV LEGISLATIVE PROCESS,2,,TBA,McClung D,,14-JAN-13,0,FULL TERM (14-JAN-13 - 10-MAY-13),Main
Alt,False,5037,PSYC,101,INTRO TO PSYCHOLOGY,3,W,0400 - 0500 pm,Santer M,2318 (MAIN),14-JAN-13,8,FULL TERM (14-JAN-13 - 10-MAY-13),Main
Alt,False,5049,PSYC,101,INTRO TO PSYCHOLOGY,3,F,1100 - 0145 pm,McClung P,1317 (MAIN),15-FEB-13,3,FULL TERM (14-JAN-13 - 10-MAY-13),Online or Blended
Lec,False,5093,PSYC,101,INTRO TO PSYCHOLOGY,3,R,0700 - 0945 pm,Ellis L,1317 (MAIN),14-JAN-13,34,FULL TERM (14-JAN-13 - 10-MAY-13),Main
E-C,False,5094,PSYC,101,INTRO TO PSYCHOLOGY,3,,*,Shultz M,,14-JAN-13,1,FULL TERM (14-JAN-13 - 10-MAY-13),Online or Blended
Lec,False,5126,PSYC,101,INTRO TO PSYCHOLOGY,3,M W,0930 - 1045 am,Mutz C,1317 (MAIN),14-JAN-13,8,FULL TERM (14-JAN-13 - 10-MAY-13),Main
Lec,False,5128,PSYC,101,INTRO TO PSYCHOLOGY,3,T R,0800 - 0915 am,Mutz C,1317 (MAIN),14-JAN-13,25,FULL TERM (14-JAN-13 - 10-MAY-13),Main
Lec,False,5129,PSYC,101,INTRO TO PSYCHOLOGY,3,T R,0200 - 0315 pm,Mutz C,1317 (MAIN),14-JAN-13,2,FULL TERM (14-JAN-13 - 10-MAY-13),Main
E-C,False,5095,PSYC,101,INTRO TO PSYCHOLOGY,3,,*,Shultz M,,11-MAR-13,0,SECOND HALF TERM (11-MAR-13 - 10-MAY-13),Online or Blended
Lec,False,5847,PSYC,101,INTRO TO PSYCHOLOGY,3,M W,0140 - 0310 pm,Smith S,PSHS (OFFCAM),22-JAN-13,9,LATE SEMESTER (High School) (22-JAN-13 - 10-MAY-13),High School Campus
Lec,False,5850,PSYC,101,INTRO TO PSYCHOLOGY,3,M T W,0800 - 0900 am,Smith S,PHS (OFFCAM),22-JAN-13,5,LATE SEMESTER (High School) (22-JAN-13 - 10-MAY-13),High School Campus
Lec,False,5851,PSYC,101,INTRO TO PSYCHOLOGY,3,M T W,0220 - 0310 pm,Ellis L,PHS (OFFCAM),22-JAN-13,11,LATE SEMESTER (High School) (22-JAN-13 - 10-MAY-13),High School Campus
Lec,False,5096,PSYC,231,LEADERSHIP & HUMAN RELATIONS,3,T,0400 - 0645 pm,Cunningham B,2204 (MAIN),14-JAN-13,8,FULL TERM (14-JAN-13 - 10-MAY-13),Main
E-C,False,5097,PSYC,231,LEADERSHIP & HUMAN RELATIONS,3,,*,Carnes J,,14-JAN-13,0,FULL TERM (14-JAN-13 - 10-MAY-13),Online or Blended
Lec,False,5810,PSYC,231,LEADERSHIP & HUMAN RELATIONS,3,T,0700 - 0945 pm,Davis R,NGMILLWOOD (OFFCA,14-JAN-13,33,FULL TERM (14-JAN-13 - 10-MAY-13),All campuses
Alt,False,5038,PSYC,241,INTRO TO HUMAN DEVELOPMENT,3,W,0530 - 0630 pm,Santer M,2318 (MAIN),14-JAN-13,1,FULL TERM (14-JAN-13 - 10-MAY-13),Main
E-C,False,5051,PSYC,241,INTRO TO HUMAN DEVELOPMENT,3,,*,McClung P,,14-JAN-13,1,FULL TERM (14-JAN-13 - 10-MAY-13),Online or Blended
Lec,False,5098,PSYC,241,INTRO TO HUMAN DEVELOPMENT,3,M W,1230 - 0145 pm,Filozof E,2214 (MAIN),14-JAN-13,38,FULL TERM (14-JAN-13 - 10-MAY-13),Main
Lec,False,5099,PSYC,241,INTRO TO HUMAN DEVELOPMENT,3,R,0400 - 0645 pm,Ellis L,1317 (MAIN),14-JAN-13,31,FULL TERM (14-JAN-13 - 10-MAY-13),Main
Lec,False,5336,PSYC,241,INTRO TO HUMAN DEVELOPMENT,3,M W,0930 - 1055 am,McClung P,2211 (MAIN),04-FEB-13,21,LATE SESSION (04-FEB-13 - 10-MAY-13),Main
Lec,False,5848,PSYC,241,INTRO TO HUMAN DEVELOPMENT,3,M W,0815 - 0935 am,Francees F,PSHS (OFFCAM),22-JAN-13,23,LATE SEMESTER (High School) (22-JAN-13 - 10-MAY-13),High School Campus
Lec,False,5100,PSYC,281,ABNORMAL PSYCHOLOGY,3,W,0400 - 0645 pm,Klettner K,2211 (MAIN),14-JAN-13,17,FULL TERM (14-JAN-13 - 10-MAY-13),Main
Lec,False,5127,PSYC,281,ABNORMAL PSYCHOLOGY,3,T R,1100 - 1215 pm,Mutz C,2211 (MAIN),14-JAN-13,1,FULL TERM (14-JAN-13 - 10-MAY-13),Main
Lec,False,5447,PSYC,281,ABNORMAL PSYCHOLOGY,3,M W,1230 - 0145 pm,Mutz C,2204 (MAIN),14-JAN-13,2,FULL TERM (14-JAN-13 - 10-MAY-13),Main
E-C,False,5932,PSYC,318,HISTORY AND SYSTEMS,3,,*,McClung P,,14-JAN-13,2,FIRST HALF TERM (14-JAN-13 - 08-MAR-13),Online or Blended
E-C,False,5047,PSYC,323,INDUST/ORGANIZATIONAL PSYCH,3,,*,McClung P,,11-MAR-13,-4,SECOND HALF TERM (11-MAR-13 - 10-MAY-13),Online or Blended
Lec,False,5101,PSYC,350,INTRO TO COUNSELING PSYCHOLOGY,3,R,0400 - 0645 pm,Klettner K,2211 (MAIN),14-JAN-13,1,FULL TERM (14-JAN-13 - 10-MAY-13),Main
Lec,False,5102,PSYC,362,PSYCHOLOGICAL ASSESSMENT,3,M,0700 - 0945 pm,Battin G,2209 (MAIN),14-JAN-13,16,FULL TERM (14-JAN-13 - 10-MAY-13),Main
E-C,False,5050,PSYC,363,THEORIES OF PERSONALITY,3,,*,McClung P,,14-JAN-13,1,FULL TERM (14-JAN-13 - 10-MAY-13),Online or Blended
E-C,False,5872,PSYC,363,THEORIES OF PERSONALITY,3,,*,McClung D,,14-JAN-13,1,FULL TERM (14-JAN-13 - 10-MAY-13),Online or Blended
Lec,False,5103,PSYC,365,FORENSIC PSYCHOLOGY,3,M,0700 - 0945 pm,Smith S,2214 (MAIN),14-JAN-13,25,FULL TERM (14-JAN-13 - 10-MAY-13),Main
Alt,False,5048,PSYC,460,CAPSTONE SEMINAR IN PSYCHOLOGY,1,,TBA,McClung P,,14-JAN-13,2,FULL TERM (14-JAN-13 - 10-MAY-13),Main
Lec,False,5947,READ,009,SPECIAL PROBLEMS IN READING,3,,TBA,Huddleston C,,14-JAN-13,9,FULL TERM (14-JAN-13 - 10-MAY-13),Main
Lec,False,5716,READ,090,STRATEGIC READING FOR COLLEGE,3,M W,1230 - 0145 pm,Crawford V,C203 (CAPC),14-JAN-13,2,FULL TERM (14-JAN-13 - 10-MAY-13),Main
Lec,False,5717,READ,090,STRATEGIC READING FOR COLLEGE,3,M W,0200 - 0315 pm,Crawford V,C203 (CAPC),14-JAN-13,11,FULL TERM (14-JAN-13 - 10-MAY-13),Main
Lec,False,5718,READ,090,STRATEGIC READING FOR COLLEGE,3,W,0400 - 0645 pm,Parks L,2202 (MAIN),14-JAN-13,3,FULL TERM (14-JAN-13 - 10-MAY-13),Main
Lec,False,5724,READ,090,STRATEGIC READING FOR COLLEGE,3,T R,1100 - 1215 pm,Flowers Cleme,1322 (MAIN),14-JAN-13,-3,FULL TERM (14-JAN-13 - 10-MAY-13),Main
Lec,False,5727,READ,090,STRATEGIC READING FOR COLLEGE,3,T R,1230 - 0315 pm,Flowers Cleme,,11-MAR-13,12,SECOND HALF TERM (11-MAR-13 - 10-MAY-13),Main
Lec,False,5729,READ,090,STRATEGIC READING FOR COLLEGE,3,M W,0700 - 0945 pm,Allen C,2215 (MAIN),11-MAR-13,16,SECOND HALF TERM (11-MAR-13 - 10-MAY-13),Main
Lec,False,5195,READ,302,TEACHING READING K-6,3,M W,0200 - 0345 pm,Roy M,1326 (MAIN),14-JAN-13,18,FULL TERM (14-JAN-13 - 10-MAY-13),Main
Lec,False,5876,READ,302,TEACHING READING K-6,3,M W,0200 - 0345 pm,Roy M,1326 (MAIN),14-JAN-13,9,FULL TERM (14-JAN-13 - 10-MAY-13),Main
Lec,False,5805,READ,401,DIAGNOSTIC PRESCRIPTIVE READ,3,M W,0245 - 0500 pm,Haines N,FAIR (OFFCAM),14-JAN-13,13,FULL TERM (14-JAN-13 - 10-MAY-13),Off-Campus Site
Lec,False,5445,SCI,301,INSTRUC STRATEGIES IN SCIENCE,3,F,1200 - 0245 pm,Cordonier N,3336 (MAIN),14-JAN-13,1,FULL TERM (14-JAN-13 - 10-MAY-13),Main
Lec,False,5756,SOST,315,INSTRUC STRATEGIES IN SOC SCI,3,W,0700 - 0945 pm,Agee S,1329 (MAIN),14-JAN-13,4,FULL TERM (14-JAN-13 - 10-MAY-13),Main
Lec,False,5039,SOC,101,INTRO TO SOCIOLOGY,3,M W,1230 - 0145 pm,Rochus A,2202 (MAIN),14-JAN-13,0,FULL TERM (14-JAN-13 - 10-MAY-13),Main
Lec,False,5040,SOC,101,INTRO TO SOCIOLOGY,3,T R,1230 - 0145 pm,Rochus A,2211 (MAIN),14-JAN-13,3,FULL TERM (14-JAN-13 - 10-MAY-13),Main
Alt,False,5043,SOC,101,INTRO TO SOCIOLOGY,3,F,1100 - 0145 pm,Rochus A,1317 (MAIN),25-JAN-13 <br> (22-FEB-13) <br> (22-MAR-13) <br> (19-APR-13) <br> (10-MAY-13),3,FULL TERM (14-JAN-13 - 10-MAY-13),Main
E-C,False,5109,SOC,101,INTRO TO SOCIOLOGY,3,,*,Morris M,,14-JAN-13,1,FULL TERM (14-JAN-13 - 10-MAY-13),Online or Blended
E-C,False,5108,SOC,101,INTRO TO SOCIOLOGY,3,,*,Morris M,,11-MAR-13,0,SECOND HALF TERM (11-MAR-13 - 10-MAY-13),Online or Blended
Lec,False,5775,SOC,101,INTRO TO SOCIOLOGY,3,M W F,0800 - 0850 am,Bruce M,ROANE (OFFCAM),22-JAN-13,6,LATE SEMESTER (High School) (22-JAN-13 - 10-MAY-13),High School Campus
Lec,False,5849,SOC,101,INTRO TO SOCIOLOGY,3,T R,0140 - 0310 pm,Empfield L,PSHS (OFFCAM),22-JAN-13,6,LATE SEMESTER (High School) (22-JAN-13 - 10-MAY-13),High School Campus
Lec,False,5852,SOC,101,INTRO TO SOCIOLOGY,3,M T W,0800 - 0900 am,Bullman R,PHS (OFFCAM),22-JAN-13,2,LATE SEMESTER (High School) (22-JAN-13 - 10-MAY-13),High School Campus
Lec,False,5853,SOC,101,INTRO TO SOCIOLOGY,3,M T W,0220 - 0310 pm,Bullman R,PHS (OFFCAM),22-JAN-13,12,LATE SEMESTER (High School) (22-JAN-13 - 10-MAY-13),High School Campus
Lec,False,5877,SOC,101,INTRO TO SOCIOLOGY,3,M T R,0206 - 0259 pm,Thomas W,PCHS (OFFCAM),22-JAN-13,13,LATE SEMESTER (High School) (22-JAN-13 - 10-MAY-13),High School Campus
Lec,False,5105,SOC,105,INTRO TO ANTHROPOLOGY,3,T,0400 - 0645 pm,Dennis A,0130A (MAIN),14-JAN-13,12,FULL TERM (14-JAN-13 - 10-MAY-13),Main
Lec,False,5042,SOC,107,SOCIAL PROBLEMS,3,M W,0930 - 1045 am,Rochus A,2202 (MAIN),14-JAN-13,1,FULL TERM (14-JAN-13 - 10-MAY-13),Main
E-C,False,5111,SOC,151,SOCIOLOGY OF THE WORKPLACE,3,,*,Empfield L,,14-JAN-13,4,FULL TERM (14-JAN-13 - 10-MAY-13),Online or Blended
E-C,False,5148,SOC,151,SOCIOLOGY OF THE WORKPLACE,3,,*,Empfield L,,14-JAN-13,4,FULL TERM (14-JAN-13 - 10-MAY-13),Online or Blended
Lec,False,5106,SOC,223,DEATH AND DYING,3,T,0400 - 0645 pm,Thomas W,2202 (MAIN),14-JAN-13,20,FULL TERM (14-JAN-13 - 10-MAY-13),Main
Lec,False,5107,SOC,232,CRIMINOLOGY,3,M,0700 - 0945 pm,Newell R,1317 (MAIN),14-JAN-13,9,FULL TERM (14-JAN-13 - 10-MAY-13),Main
E-C,False,5110,SOC,233,JUVENILE DELINQUENCY,3,,*,Rutherford T,,14-JAN-13,1,FULL TERM (14-JAN-13 - 10-MAY-13),Online or Blended
E-C,False,5112,SOC,235,RACE RELATION MINORITY GROUPS,3,,*,Bullman R,,14-JAN-13,3,FULL TERM (14-JAN-13 - 10-MAY-13),Online or Blended
E-C,False,5113,SOC,302,DEVIANT BEHAVIOR,3,,*,Rutherford T,,14-JAN-13,-1,FULL TERM (14-JAN-13 - 10-MAY-13),Online or Blended
Lec,False,5041,SOC,360,GENDER & HUMAN IDENTITY,3,T R,0930 - 1045 am,Rochus A,2211 (MAIN),14-JAN-13,1,FULL TERM (14-JAN-13 - 10-MAY-13),Main
Lec,False,5819,SOC,362,SOCIOLOGY OF AGING,3,M,0700 - 0945 pm,Rochus A,2211 (MAIN),14-JAN-13,0,FULL TERM (14-JAN-13 - 10-MAY-13),Main
Lec,False,5104,SOC,390,WORLD CULTURES THROUGH FILM,3,T,0700 - 0945 pm,McClung D,2204 (MAIN),14-JAN-13,2,FULL TERM (14-JAN-13 - 10-MAY-13),Main
Lec,False,5807,SET,155,SOLAR THERMAL INSTALLATION,3,W,1200 - 0330 pm,Williams D,C125 (CAPC),14-JAN-13,8,FULL TERM (14-JAN-13 - 10-MAY-13),Main
Lec,False,5348,SET,158,SOLAR PV DESIGN/INSTALL 1,3,R,1200 - 0330 pm,Thompson G,C125 (CAPC),14-JAN-13,16,FULL TERM (14-JAN-13 - 10-MAY-13),Main
Lec,False,5349,SET,228,SOLAR PV DESIGN/INSTALL 2,3,R,1200 - 0330 pm,Thompson G,C125 (CAPC),14-JAN-13,16,FULL TERM (14-JAN-13 - 10-MAY-13),Main
Lec,False,5353,SET,260,SET CERTIFICATE CAPSTONE,1,F,1000 - 1100 am,Thompson G,C125 (CAPC),14-JAN-13,6,FULL TERM (14-JAN-13 - 10-MAY-13),Main
Lec,False,5351,SET,280,SET DEGREE CAPSTONE,1,F,1000 - 1100 am,Thompson G,C125 (CAPC),14-JAN-13,6,FULL TERM (14-JAN-13 - 10-MAY-13),Main
Lec,False,5737,SDEV,101,FIRST YEAR EXPERIENCE,3,M W,0930 - 1045 am,Korcsmaros K,2206 (MAIN),14-JAN-13,2,FULL TERM (14-JAN-13 - 10-MAY-13),Main
Lec,False,5739,SDEV,101,FIRST YEAR EXPERIENCE,3,M W,0200 - 0315 pm,Westbrook R,2215 (MAIN),14-JAN-13,5,FULL TERM (14-JAN-13 - 10-MAY-13),Main
Lec,False,5741,SDEV,101,FIRST YEAR EXPERIENCE,3,T R,0930 - 1045 am,Bruce M,2206 (MAIN),14-JAN-13,3,FULL TERM (14-JAN-13 - 10-MAY-13),Main
Lec,False,5744,SDEV,101,FIRST YEAR EXPERIENCE,3,T R,1100 - 1215 pm,Sellers A,2318 (MAIN),14-JAN-13,11,FULL TERM (14-JAN-13 - 10-MAY-13),Main
Lec,False,5745,SDEV,101,FIRST YEAR EXPERIENCE,3,T R,1230 - 0145 pm,Sellers A,1329 (MAIN),14-JAN-13,8,FULL TERM (14-JAN-13 - 10-MAY-13),Main
Lec,False,5746,SDEV,101,FIRST YEAR EXPERIENCE,3,W,0700 - 0945 pm,Flowers Cleme,1322 (MAIN),14-JAN-13,1,FULL TERM (14-JAN-13 - 10-MAY-13),Main
Lec,False,5747,SDEV,101,FIRST YEAR EXPERIENCE,3,M W,0930 - 1245 pm,Sellers A,,11-MAR-13,18,SECOND HALF TERM (11-MAR-13 - 10-MAY-13),Main
Lec,False,5748,SDEV,101,FIRST YEAR EXPERIENCE,3,T R,0400 - 0645 pm,Staff S,,11-MAR-13,19,SECOND HALF TERM (11-MAR-13 - 10-MAY-13),Main
Lec,False,5887,SDEV,101,FIRST YEAR EXPERIENCE,3,T R,TBA,Byrd J,RITCH (OFFCAM),22-JAN-13,4,LATE SEMESTER (High School) (22-JAN-13 - 10-MAY-13),High School Campus
Ble,False,5269,ST,110,PATIENT CARE CONCEPTS 1,6,M W,0800 - 0915 am,Emrick J,2212 (MAIN),14-JAN-13,2,FULL TERM (14-JAN-13 - 10-MAY-13),Main
Lab,False,5802,ST,110L,PATIENT CARE CONCEPTS 1 LAB,0,R,0645 - 0315 pm,Emrick J,HOSPI (OFFCAM),14-JAN-13,1,FULL TERM (14-JAN-13 - 10-MAY-13),Off-Campus Site
Lab,False,5803,ST,110L,PATIENT CARE CONCEPTS 1 LAB,0,F,0645 - 0315 pm,Atkinson H,HOSPI (OFFCAM),14-JAN-13,1,FULL TERM (14-JAN-13 - 10-MAY-13),Off-Campus Site
Ble,False,5270,ST,113,PATHOPHYSIOLOGY SURG PATIENT,3,M W,0930 - 1045 am,Emrick J,2212 (MAIN),14-JAN-13,2,FULL TERM (14-JAN-13 - 10-MAY-13),Main
Lec,False,5676,SEC,351,DEFENSES & COUNTERMEASURES,3,W,0530 - 0830 pm,Richardson S,C127 (CAPC),14-JAN-13,16,FULL TERM (14-JAN-13 - 10-MAY-13),Main
Lec,False,5677,SEC,410,MGMT OF INFORMATION SECURITY,3,,TBA,Hall R,,14-JAN-13,2,FULL TERM (14-JAN-13 - 10-MAY-13),Online or Blended
Lec,False,5673,SEC,460,SECURITY CAPSTONE,3,T R,0400 - 0515 pm,Dawkins J,C123 (CAPC),14-JAN-13,22,FULL TERM (14-JAN-13 - 10-MAY-13),Main
Lec,False,5225,THEA,101,THEATRE APPRECIATION,3,M W,1230 - 0145 pm,Byrd J,1305 (MAIN),14-JAN-13,2,FULL TERM (14-JAN-13 - 10-MAY-13),Main
E-C,False,5333,THEA,101,THEATRE APPRECIATION,3,,*,Byrd J,,14-JAN-13,0,FULL TERM (14-JAN-13 - 10-MAY-13),Online or Blended
E-C,False,5334,THEA,101,THEATRE APPRECIATION,3,,*,Byrd J,,14-JAN-13,0,FULL TERM (14-JAN-13 - 10-MAY-13),Online or Blended
Lec,False,5880,THEA,101,THEATRE APPRECIATION,3,T R,TBA,Byrd J,RITCH (OFFCAM),22-JAN-13,4,LATE SEMESTER (High School) (22-JAN-13 - 10-MAY-13),High School Campus
Ind,False,5228,THEA,125,UNIVERSITY PLAYERS,1 TO 3,M,0400 - 0645 pm,Byrd J,1305 (MAIN),14-JAN-13,27,FULL TERM (14-JAN-13 - 10-MAY-13),Main
Lec,False,5227,THEA,131,INTRO TO TECHNICAL THEATRE,3,M,0700 - 0945 pm,Byrd J,1305 (MAIN),14-JAN-13,9,FULL TERM (14-JAN-13 - 10-MAY-13),Main
E-C,False,5229,THEA,250,DRAMATIC LITERATURE,3,,*,Byrd J,,14-JAN-13,8,FULL TERM (14-JAN-13 - 10-MAY-13),Online or Blended
Lec,False,5415,WELD,131,BASIC GAS TUNGSTEN ARC (GTAW),3,F,0800 - 1100 am,McClung J,003 (ATC),14-JAN-13,2,FULL TERM (14-JAN-13 - 10-MAY-13),Main
Lec,False,5421,WELD,131,BASIC GAS TUNGSTEN ARC (GTAW),3,M,0800 - 1100 am,McClung J,003 (ATC),14-JAN-13,-1,FULL TERM (14-JAN-13 - 10-MAY-13),Main
Lec,False,5428,WELD,133,BASIC FLUX CORE ARC WELD(FCAW),3,F,1230 - 0700 pm,Whited N,003 (ATC),11-MAR-13,2,SECOND HALF TERM (11-MAR-13 - 10-MAY-13),Main
Lec,False,5429,WELD,133,BASIC FLUX CORE ARC WELD(FCAW),3,M W,1230 - 0400 pm,Bills C,003 (ATC),11-MAR-13,-1,SECOND HALF TERM (11-MAR-13 - 10-MAY-13),Main
Lec,False,5823,WELD,134,BASIC GAS METAL ARC WELD(GMAW),3,M W,1230 - 0400 pm,Bills C,003 (ATC),14-JAN-13,1,FIRST HALF TERM (14-JAN-13 - 08-MAR-13),Main
Lec,False,5828,WELD,134,BASIC GAS METAL ARC WELD(GMAW),3,F,1230 - 0700 pm,Whited N,003 (ATC),14-JAN-13,1,FIRST HALF TERM (14-JAN-13 - 08-MAR-13),Main
Lec,False,5811,WELD,135,ADV GAS METAL ARC WELD (GMAW),3,T R,0730 - 1100 am,Bills C,003 (ATC),14-JAN-13,2,FIRST HALF TERM (14-JAN-13 - 08-MAR-13),Main
Lec,False,5430,WELD,136,ADV FLUX CORE ARC WELD (FCAW),3,T R,0730 - 1100 am,Bills C,003 (ATC),11-MAR-13,2,SECOND HALF TERM (11-MAR-13 - 10-MAY-13),Main
Lab,False,5433,WELD,260,WELDING CAPSTONE,2,T,1230 - 0700 pm,Greathouse G,003 (ATC),11-MAR-13,1,SECOND HALF TERM (11-MAR-13 - 10-MAY-13),Main
Lec,False,5434,WELD,261,STEEL FABRICATION,3,R,1230 - 0330 pm,Williams D,C201 (CAPC),14-JAN-13,9,FULL TERM (14-JAN-13 - 10-MAY-13),Main
Lec,False,5432,WELD,279,WELDING INSPECTION,3,T,1230 - 0700 pm,Greathouse G,003 (ATC),14-JAN-13,2,FIRST HALF TERM (14-JAN-13 - 08-MAR-13),Main
Lec,False,5431,WELD,281,METALLURGY,3,W,0800 - 1100 am,Bills C,003 (ATC),14-JAN-13,1,FULL TERM (14-JAN-13 - 10-MAY-13),Main
Lec,False,5804,WELD,281,METALLURGY,3,M,0415 - 0715 pm,Bills C,003 (ATC),14-JAN-13,0,FULL TERM (14-JAN-13 - 10-MAY-13),Main
